RECORD_ID,RECORD_NAME,ARTICLE_NAME,PRODUCT_CODE,TAXONOMY,COLOR,SIZE,parent_id,level
OD0000$,Orphan Discobombulator,,OD0000$,200100,,,,master_model
OD0000$_202500,Orphan Discobombulator,,OD0000$,200100,,,OD0000$,season
OD0001001+_202500,Orphan Discobombulator Blazing Beige,Orphan Discobombulator Blazing Beige,OD0001001+,200100,Blazing Beige,,OD0000$_202500,article
OD0001001S_202500,Orphan Discobombulator Blazing Beige,Orphan Discobombulator Blazing Beige,OD0001001S,200100,Blazing Beige,S,OD0001001+_202500,sku
OD0001002+_202500,Orphan Discobombulator Existential Teal,Orphan Discobombulator Existential Teal,OD0001002+,200100,Existential Teal,,OD0000$_202500,article
OD0001002S_202500,Orphan Discobombulator Existential Teal,Orphan Discobombulator Existential Teal,OD0001002S  ,200100,Existential Teal,S,OD0001002+_202500,sku
OD0001002XL_202500,Orphan Discobombulator Existential Teal,Orphan Discobombulator Existential Teal,OD0001002XL,200100,Existential Teal,XL,OD0001002+_202500,sku
OD0001003+_202500,Orphan Discobombulator Blazing Beige,Orphan Discobombulator Blazing Beige,OD0001003+,200100,Blazing Beige,,OD0000$_202500,article
OD0001003XS_202500,Orphan Discobombulator Blazing Beige,Orphan Discobombulator Blazing Beige,OD0001003XS,200100,Blazing Beige,XS,OD0001003+_202500,sku
OD0001003S_202500,Orphan Discobombulator Blazing Beige,Orphan Discobombulator Blazing Beige,OD0001003S,200100,Blazing Beige,S,OD0001003+_202500,sku
OD0001003OneSize_202500,Orphan Discobombulator Blazing Beige,Orphan Discobombulator Blazing Beige,OD0001003OneSize,200100,Blazing Beige,OneSize,OD0001003+_202500,sku
OD0001003XL_202500,Orphan Discobombulator Blazing Beige,Orphan Discobombulator Blazing Beige,OD0001003XL,200100,Blazing Beige,XL,OD0001003+_202500,sku
OD0001004+_202500,Orphan Discobombulator Panic Pink,Orphan Discobombulator Panic Pink,OD0001004+,200100,Panic Pink,,OD0000$_202500,article
OD0001004L_202500,Orphan Discobombulator Panic Pink,Orphan Discobombulator Panic Pink,OD0001004L,200100,Panic Pink,L,OD0001004+_202500,sku
OD0001005+_202500,Orphan Discobombulator Ümlaut Grün,Orphan Discobombulator Ümlaut Grün,OD0001005+,200100,Ümlaut Grün,,OD0000$_202500,article
OD000100542_202500,Orphan Discobombulator Ümlaut Grün,Orphan Discobombulator Ümlaut Grün,OD000100542,200100,Ümlaut Grün,42,OD0001005+_202500,sku
OD0001005L_202500,Orphan Discobombulator Ümlaut Grün,Orphan Discobombulator Ümlaut Grün,OD0001005L,200100,Ümlaut Grün,L,OD0001005+_202500,sku
OD0001005XL_202500,Orphan Discobombulator Ümlaut Grün,Orphan Discobombulator Ümlaut Grün,OD0001005XL,200100,Ümlaut Grün,XL,OD0001005+_202500,sku
OD000100544_202500,Orphan Discobombulator Ümlaut Grün,Orphan Discobombulator Ümlaut Grün,OD000100544,200100,Ümlaut Grün,44,OD0001005+_202500,sku
OD0001006+_202500,Orphan Discobombulator Suspicious Orange,Orphan Discobombulator Suspicious Orange,OD0001006+,200100,Suspicious Orange,,OD0000$_202500,article
OD000100642_202500,Orphan Discobombulator Suspicious Orange,Orphan Discobombulator Suspicious Orange,OD000100642,200100,Suspicious Orange,42,OD0001006+_202500,sku
OD0001006OneSize_202500,Orphan Discobombulator Suspicious Orange,Orphan Discobombulator Suspicious Orange,OD0001006OneSize,200100,Suspicious Orange,OneSize,OD0001006+_202500,sku
OD0001006L_202500,Orphan Discobombulator Suspicious Orange,Orphan Discobombulator Suspicious Orange,OD0001006L,200100,Suspicious Orange,L,OD0001006+_202500,sku
OD0001006M_202500,Orphan Discobombulator Suspicious Orange,Orphan Discobombulator Suspicious Orange,OD0001006M,200100,Suspicious Orange,M,OD0001006+_202500,sku
OD0001007+_202500,"Orphan Discobombulator, Special, Edition Beige²","Orphan Discobombulator, Special, Edition Beige²",OD0001007+,200100,Beige²,,OD0000$_202500,article
OD0001007XS_202500,"Orphan Discobombulator, Special, Edition Beige²","Orphan Discobombulator, Special, Edition Beige²",OD0001007XS,200100,Beige²,XS,OD0001007+_202500,sku
OD000100742_202500,"Orphan Discobombulator, Special, Edition Beige²","Orphan Discobombulator, Special, Edition Beige²",OD000100742,200100,Beige²,42,OD0001007+_202500,sku
OD0001007OneSize_202500,"Orphan Discobombulator, Special, Edition Beige²","Orphan Discobombulator, Special, Edition Beige²",OD0001007OneSize,200100,Beige²,OneSize,OD0001007+_202500,sku
OD0001007XL_202500,"Orphan Discobombulator, Special, Edition Beige²","Orphan Discobombulator, Special, Edition Beige²",OD0001007XL,200100,Beige²,XL,OD0001007+_202500,sku
OD0001008+_202500,Orphan Discobombulator Beige²,Orphan Discobombulator Beige²,OD0001008+,200100,Beige²,,OD0000$_202500,article
OD0001008S_202500,Orphan Discobombulator Beige²,Orphan Discobombulator Beige²,OD0001008S,200100,Beige²,S,OD0001008+_202500,sku
BS0001$,Bender Straightener,,BS0001$,300100,,,,master_model
BS0001$_202600,Bender Straightener,,BS0001$,300100,,,BS0001$,season
BS0001009+_202600,Bender Straightener Mild Mauve,Bender Straightener Mild Mauve,BS0001009+,300100,Mild Mauve,,BS0001$_202600,article
BS0001009OneSize_202600,Bender Straightener Mild Mauve,Bender Straightener Mild Mauve,BS0001009OneSize,300100,Mild Mauve,OneSize,BS0001009+_202600,sku
BS0001010+_202600,Bender Straightener Voidwash Black,Bender Straightener Voidwash Black,BS0001010+,300100,Voidwash Black,,BS0001$_202600,article
BS000101044_202600,Bender Straightener Voidwash Black,Bender Straightener Voidwash Black,BS000101044,300100,Voidwash Black,44,BS0001010+_202600,sku
BS0001010OneSize_202600,Bender Straightener Voidwash Black,Bender Straightener Voidwash Black,BS0001010OneSize,300100,Voidwash Black,OneSize,BS0001010+_202600,sku
BS0001010L_202600,Bender Straightener Voidwash Black,Bender Straightener Voidwash Black,BS0001010L,300100,Voidwash Black,L,BS0001010+_202600,sku
BS0001010XS_202600,Bender Straightener Voidwash Black,Bender Straightener Voidwash Black,BS0001010XS,300100,Voidwash Black,XS,BS0001010+_202600,sku
BS0001011+_202600,Bender Straightener Ümlaut Grün,Bender Straightener Ümlaut Grün,BS0001011+,300100,Ümlaut Grün,,BS0001$_202600,article
BS000101144_202600,Bender Straightener Ümlaut Grün,Bender Straightener Ümlaut Grün,BS000101144,300100,Ümlaut Grün,44,BS0001011+_202600,sku
BS0001011M_202600,Bender Straightener Ümlaut Grün,Bender Straightener Ümlaut Grün,BS0001011M,300100,Ümlaut Grün,M,BS0001011+_202600,sku
BS000101142_202600,Bender Straightener Ümlaut Grün,Bender Straightener Ümlaut Grün,BS000101142,300100,Ümlaut Grün,42,BS0001011+_202600,sku
BS0001012+_202600,Bender Straightener Voidwash Black,Bender Straightener Voidwash Black,BS0001012+,300100,Voidwash Black,,BS0001$_202600,article
BS0001012OneSize_202600,Bender Straightener Voidwash Black,Bender Straightener Voidwash Black,BS0001012OneSize,300100,Voidwash Black,OneSize,BS0001012+_202600,sku
BS0001013+_202600,Bender Straightener Mild Mauve,Bender Straightener Mild Mauve,BS0001013+,300100,Mild Mauve,,BS0001$_202600,article
BS0001013XS_202600,Bender Straightener Mild Mauve,Bender Straightener Mild Mauve,BS0001013XS,300100,Mild Mauve,XS,BS0001013+_202600,sku
BS0001013L_202600,Bender Straightener Mild Mauve,Bender Straightener Mild Mauve,BS0001013L,300100,Mild Mauve,L,BS0001013+_202600,sku
BS0001014+_202600,Bender Straightener Radioactive Sage,Bender Straightener Radioactive Sage,BS0001014+,300100,Radioactive Sage,,BS0001$_202600,article
BS0001014S_202600,Bender Straightener Radioactive Sage,Bender Straightener Radioactive Sage,BS0001014S,300100,Radioactive Sage,S,BS0001014+_202600,sku
BS0001014L_202600,Bender Straightener Radioactive Sage,Bender Straightener Radioactive Sage,BS0001014L,300100,Radioactive Sage,L,BS0001014+_202600,sku
BS000101442_202600,Bender Straightener Radioactive Sage,Bender Straightener Radioactive Sage,BS000101442,300100,Radioactive Sage,42,BS0001014+_202600,sku
BS000101444_202600,Bender Straightener Radioactive Sage,Bender Straightener Radioactive Sage,BS000101444,300100,Radioactive Sage,44,BS0001014+_202600,sku
BS0001015+_202600,Bender Straightener Existential Teal,Bender Straightener Existential Teal,BS0001015+,300100,Existential Teal,,BS0001$_202600,article
BS0001015OneSize_202600,Bender Straightener Existential Teal,Bender Straightener Existential Teal,BS0001015OneSize,300100,Existential Teal,OneSize,BS0001015+_202600,sku
BS0001015S_202600,Bender Straightener Existential Teal,Bender Straightener Existential Teal,BS0001015S,300100,Existential Teal,S,BS0001015+_202600,sku
BS0001016+_202600,Bender Straightener Mild Mauve,Bender Straightener Mild Mauve,BS0001016+,300100,Mild Mauve,,BS0001$_202600,article
BS0001016S_202600,Bender Straightener Mild Mauve,Bender Straightener Mild Mauve,BS0001016S,300100,Mild Mauve,S,BS0001016+_202600,sku
QN0002$,Quantum Noodle Rehydrator,,QN0002$,200100,,,,master_model
QN0002$_202600,Quantum Noodle Rehydrator,,QN0002$,200100,,,QN0002$,season
QN0001017+_202600,Quantum Noodle Rehydrator Existential Teal,Quantum Noodle Rehydrator Existential Teal,QN0001017+,200100,Existential Teal,,QN0002$_202600,article
QN0001017OneSize_202600,Quantum Noodle Rehydrator Existential Teal,Quantum Noodle Rehydrator Existential Teal,QN0001017OneSize,200100,Existential Teal,OneSize,QN0001017+_202600,sku
QN0001017L_202600,Quantum Noodle Rehydrator Existential Teal,Quantum Noodle Rehydrator Existential Teal,QN0001017L,200100,Existential Teal,L,QN0001017+_202600,sku
QN000101744_202600,Quantum Noodle Rehydrator Existential Teal,Quantum Noodle Rehydrator Existential Teal,QN000101744,200100,Existential Teal,44,QN0001017+_202600,sku
QN0001017M_202600,Quantum Noodle Rehydrator Existential Teal,Quantum Noodle Rehydrator Existential Teal,QN0001017M,200100,Existential Teal,M,QN0001017+_202600,sku
QN0001018+_202600,Quantum Noodle Rehydrator Panic Pink,Quantum Noodle Rehydrator Panic Pink,QN0001018+,200100,Panic Pink,,QN0002$_202600,article
QN0001018L_202600,Quantum Noodle Rehydrator Panic Pink,Quantum Noodle Rehydrator Panic Pink,QN0001018L,200100,Panic Pink,L,QN0001018+_202600,sku
QN0001019+_202600,Quantum Noodle Rehydrator Ümlaut Grün,Quantum Noodle Rehydrator Ümlaut Grün,QN0001019+,200100,Ümlaut Grün,,QN0002$_202600,article
QN0001019S_202600,Quantum Noodle Rehydrator Ümlaut Grün,Quantum Noodle Rehydrator Ümlaut Grün,QN0001019S,200100,Ümlaut Grün,S,QN0001019+_202600,sku
QN000101942_202600,Quantum Noodle Rehydrator Ümlaut Grün,Quantum Noodle Rehydrator Ümlaut Grün,QN000101942,200100,Ümlaut Grün,42,QN0001019+_202600,sku
QN0001019M_202600,Quantum Noodle Rehydrator Ümlaut Grün,Quantum Noodle Rehydrator Ümlaut Grün,QN0001019M,200100,Ümlaut Grün,M,QN0001019+_202600,sku
QN0001020+_202600,Quantum Noodle Rehydrator Ümlaut Grün,Quantum Noodle Rehydrator Ümlaut Grün,QN0001020+,200100,Ümlaut Grün,,QN0002$_202600,article
QN0001020L_202600,Quantum Noodle Rehydrator Ümlaut Grün,Quantum Noodle Rehydrator Ümlaut Grün,QN0001020L,200100,Ümlaut Grün,L,QN0001020+_202600,sku
QN0001020XL_202600,Quantum Noodle Rehydrator Ümlaut Grün,Quantum Noodle Rehydrator Ümlaut Grün,QN0001020XL,200100,Ümlaut Grün,XL,QN0001020+_202600,sku
QN0001020S_202600,Quantum Noodle Rehydrator Ümlaut Grün,Quantum Noodle Rehydrator Ümlaut Grün,QN0001020S,200100,Ümlaut Grün,S,QN0001020+_202600,sku
QN0001021+_202600,Quantum Noodle Rehydrator Mild Mauve,Quantum Noodle Rehydrator Mild Mauve,QN0001021+,200100,Mild Mauve,,QN0002$_202600,article
QN0001021XS_202600,Quantum Noodle Rehydrator Mild Mauve,Quantum Noodle Rehydrator Mild Mauve,QN0001021XS,200100,Mild Mauve,XS,QN0001021+_202600,sku
ET0003$,Existential Toaster,,ET0003$,200100,,,,master_model
ET0003$_202600,Existential Toaster,,ET0003$,200100,,,ET0003$,season
ET0001022+_202600,Existential Toaster Voidwash Black,Existential Toaster Voidwash Black,ET0001022+,200100,Voidwash Black,,ET0003$_202600,article
ET0001022L_202600,Existential Toaster Voidwash Black,Existential Toaster Voidwash Black,ET0001022L,200100,Voidwash Black,L,ET0001022+_202600,sku
ET0001023+_202600,Existential Toaster Blazing Beige,Existential Toaster Blazing Beige,ET0001023+,200100,Blazing Beige,,ET0003$_202600,article
ET000102342_202600,Existential Toaster Blazing Beige,Existential Toaster Blazing Beige,ET000102342,200100,Blazing Beige,42,ET0001023+_202600,sku
ET000102344_202600,Existential Toaster Blazing Beige,Existential Toaster Blazing Beige,ET000102344,200100,Blazing Beige,44,ET0001023+_202600,sku
ET0001023OneSize_202600,Existential Toaster Blazing Beige,Existential Toaster Blazing Beige,ET0001023OneSize,200100,Blazing Beige,OneSize,ET0001023+_202600,sku
ET0001023XS_202600,Existential Toaster Blazing Beige,Existential Toaster Blazing Beige,ET0001023XS,200100,Blazing Beige,XS,ET0001023+_202600,sku
ET0001024+_202600,Existential Toaster Panic Pink,Existential Toaster Panic Pink,ET0001024+,200100,Panic Pink,,ET0003$_202600,article
ET000102442_202600,Existential Toaster Panic Pink,Existential Toaster Panic Pink,ET000102442,200100,Panic Pink,42,ET0001024+_202600,sku
ET0001024XS_202600,Existential Toaster Panic Pink,Existential Toaster Panic Pink,ET0001024XS,200100,Panic Pink,XS,ET0001024+_202600,sku
ET0001024OneSize_202600,Existential Toaster Panic Pink,Existential Toaster Panic Pink,ET0001024OneSize,200100,Panic Pink,OneSize,ET0001024+_202600,sku
ET0001024L_202600,Existential Toaster Panic Pink,Existential Toaster Panic Pink,ET0001024L,200100,Panic Pink,L,ET0001024+_202600,sku
ET0001025+_202600,Existential Toaster Blazing Beige,Existential Toaster Blazing Beige,ET0001025+,200100,Blazing Beige,,ET0003$_202600,article
ET0001025OneSize_202600,Existential Toaster Blazing Beige,Existential Toaster Blazing Beige,ET0001025OneSize,200100,Blazing Beige,OneSize,ET0001025+_202600,sku
ET000102544_202600,Existential Toaster Blazing Beige,Existential Toaster Blazing Beige,ET000102544,200100,Blazing Beige,44,ET0001025+_202600,sku
ET0001026+_202600,Existential Toaster Panic Pink,Existential Toaster Panic Pink,ET0001026+,200100,Panic Pink,,ET0003$_202600,article
ET0001026XS_202600,Existential Toaster Panic Pink,Existential Toaster Panic Pink,ET0001026XS,200100,Panic Pink,XS,ET0001026+_202600,sku
ET0001026OneSize_202600,Existential Toaster Panic Pink,Existential Toaster Panic Pink,ET0001026OneSize,200100,Panic Pink,OneSize,ET0001026+_202600,sku
RY0004$,Reverse Yeti Whisperer,,RY0004$,100200,,,,master_model
RY0004$_202500,Reverse Yeti Whisperer,,RY0004$,100200,,,RY0004$,season
RY0001027+_202500,Reverse Yeti Whisperer Suspicious Orange,Reverse Yeti Whisperer Suspicious Orange,RY0001027+,100200,Suspicious Orange,,RY0004$_202500,article
RY0001027XL_202500,Reverse Yeti Whisperer Suspicious Orange,Reverse Yeti Whisperer Suspicious Orange,RY0001027XL,100200,Suspicious Orange,XL,RY0001027+_202500,sku
RY0001027OneSize_202500,Reverse Yeti Whisperer Suspicious Orange,Reverse Yeti Whisperer Suspicious Orange,RY0001027OneSize,100200,Suspicious Orange,OneSize,RY0001027+_202500,sku
RY0001028+_202500,Reverse Yeti Whisperer Mild Mauve,Reverse Yeti Whisperer Mild Mauve,RY0001028+,100200,Mild Mauve,,RY0004$_202500,article
RY000102844_202500,Reverse Yeti Whisperer Mild Mauve,Reverse Yeti Whisperer Mild Mauve,RY000102844,100200,Mild Mauve,44,RY0001028+_202500,sku
RY0001028OneSize_202500,Reverse Yeti Whisperer Mild Mauve,Reverse Yeti Whisperer Mild Mauve,RY0001028OneSize,100200,Mild Mauve,OneSize,RY0001028+_202500,sku
RY0001028XL_202500,Reverse Yeti Whisperer Mild Mauve,Reverse Yeti Whisperer Mild Mauve,RY0001028XL,100200,Mild Mauve,XL,RY0001028+_202500,sku
RY0001028S_202500,Reverse Yeti Whisperer Mild Mauve,Reverse Yeti Whisperer Mild Mauve,RY0001028S,100200,Mild Mauve,S,RY0001028+_202500,sku
RY0001029+_202500,Reverse Yeti Whisperer Blazing Beige,Reverse Yeti Whisperer Blazing Beige,RY0001029+,100200,Blazing Beige,,RY0004$_202500,article
RY0001029M_202500,Reverse Yeti Whisperer Blazing Beige,Reverse Yeti Whisperer Blazing Beige,RY0001029M,100200,Blazing Beige,M,RY0001029+_202500,sku
RY0001029S_202500,Reverse Yeti Whisperer Blazing Beige,Reverse Yeti Whisperer Blazing Beige,RY0001029S,100200,Blazing Beige,S,RY0001029+_202500,sku
RY0001030+_202500,Reverse Yeti Whisperer Ümlaut Grün,Reverse Yeti Whisperer Ümlaut Grün,RY0001030+,100200,Ümlaut Grün,,RY0004$_202500,article
RY0001030S_202500,Reverse Yeti Whisperer Ümlaut Grün,Reverse Yeti Whisperer Ümlaut Grün,RY0001030S,100200,Ümlaut Grün,S,RY0001030+_202500,sku
RY0001030XL_202500,Reverse Yeti Whisperer Ümlaut Grün,Reverse Yeti Whisperer Ümlaut Grün,RY0001030XL,100200,Ümlaut Grün,XL,RY0001030+_202500,sku
RY0001030XS_202500,Reverse Yeti Whisperer Ümlaut Grün,Reverse Yeti Whisperer Ümlaut Grün,RY0001030XS,100200,Ümlaut Grün,XS,RY0001030+_202500,sku
RY0001030OneSize_202500,Reverse Yeti Whisperer Ümlaut Grün,Reverse Yeti Whisperer Ümlaut Grün,RY0001030OneSize,100200,Ümlaut Grün,OneSize,RY0001030+_202500,sku
RY0001031+_202500,Reverse Yeti Whisperer Existential Teal,Reverse Yeti Whisperer Existential Teal,RY0001031+,100200,Existential Teal,,RY0004$_202500,article
RY000103142_202500,Reverse Yeti Whisperer Existential Teal,Reverse Yeti Whisperer Existential Teal,RY000103142,100200,Existential Teal,42,RY0001031+_202500,sku
RY0001031XL_202500,Reverse Yeti Whisperer Existential Teal,Reverse Yeti Whisperer Existential Teal,RY0001031XL,100200,Existential Teal,XL,RY0001031+_202500,sku
RY000103144_202500,Reverse Yeti Whisperer Existential Teal,Reverse Yeti Whisperer Existential Teal,RY000103144,100200,Existential Teal,44,RY0001031+_202500,sku
RY0001031OneSize_202500,Reverse Yeti Whisperer Existential Teal,Reverse Yeti Whisperer Existential Teal,RY0001031OneSize,100200,Existential Teal,OneSize,RY0001031+_202500,sku
TS0005$,Turbo Sock Untangler,,TS0005$,100200,,,,master_model
TS0005$_202600,Turbo Sock Untangler,,TS0005$,100200,,,TS0005$,season
TS0001032+_202600,Turbo Sock Untangler Voidwash Black,Turbo Sock Untangler Voidwash Black,TS0001032+,100200,Voidwash Black,,TS0005$_202600,article
TS0001032M_202600,Turbo Sock Untangler Voidwash Black,Turbo Sock Untangler Voidwash Black,TS0001032M,100200,Voidwash Black,M,TS0001032+_202600,sku
TS0001032L_202600,Turbo Sock Untangler Voidwash Black,Turbo Sock Untangler Voidwash Black,TS0001032L,100200,Voidwash Black,L,TS0001032+_202600,sku
TS0001032XS_202600,Turbo Sock Untangler Voidwash Black,Turbo Sock Untangler Voidwash Black,TS0001032XS,100200,Voidwash Black,XS,TS0001032+_202600,sku
TS000103244_202600,Turbo Sock Untangler Voidwash Black,Turbo Sock Untangler Voidwash Black,TS000103244,100200,Voidwash Black,44,TS0001032+_202600,sku
TS0001033+_202600,Turbo Sock Untangler Existential Teal,Turbo Sock Untangler Existential Teal,TS0001033+,100200,Existential Teal,,TS0005$_202600,article
TS000103342_202600,Turbo Sock Untangler Existential Teal,Turbo Sock Untangler Existential Teal,TS000103342,100200,Existential Teal,42,TS0001033+_202600,sku
TS0001033S_202600,Turbo Sock Untangler Existential Teal,Turbo Sock Untangler Existential Teal,TS0001033S,100200,Existential Teal,S,TS0001033+_202600,sku
TS0001034+_202600,Turbo Sock Untangler Beige²,Turbo Sock Untangler Beige²,TS0001034+,100200,Beige²,,TS0005$_202600,article
TS0001034L_202600,Turbo Sock Untangler Beige²,Turbo Sock Untangler Beige²,TS0001034L,100200,Beige²,L,TS0001034+_202600,sku
TS0001034S_202600,Turbo Sock Untangler Beige²,Turbo Sock Untangler Beige²,TS0001034S,100200,Beige²,S,TS0001034+_202600,sku
TS0001035+_202600,Turbo Sock Untangler Existential Teal,Turbo Sock Untangler Existential Teal,TS0001035+,100200,Existential Teal,,TS0005$_202600,article
TS0001035XS_202600,Turbo Sock Untangler Existential Teal,Turbo Sock Untangler Existential Teal,TS0001035XS,100200,Existential Teal,XS,TS0001035+_202600,sku
TS0001035M_202600,Turbo Sock Untangler Existential Teal,Turbo Sock Untangler Existential Teal,TS0001035M,100200,Existential Teal,M,TS0001035+_202600,sku
TS0001035XL_202600,Turbo Sock Untangler Existential Teal,Turbo Sock Untangler Existential Teal,TS0001035XL,100200,Existential Teal,XL,TS0001035+_202600,sku
TS0001036+_202600,Turbo Sock Untangler Existential Teal,Turbo Sock Untangler Existential Teal,TS0001036+,100200,Existential Teal,,TS0005$_202600,article
TS0001036L_202600,Turbo Sock Untangler Existential Teal,Turbo Sock Untangler Existential Teal,TS0001036L,100200,Existential Teal,L,TS0001036+_202600,sku
TS0001037+_202600,Turbo Sock Untangler Suspicious Orange,Turbo Sock Untangler Suspicious Orange,TS0001037+,100200,Suspicious Orange,,TS0005$_202600,article
TS000103744_202600,Turbo Sock Untangler Suspicious Orange,Turbo Sock Untangler Suspicious Orange,TS000103744,100200,Suspicious Orange,44,TS0001037+_202600,sku
TS0001037OneSize_202600,Turbo Sock Untangler Suspicious Orange,Turbo Sock Untangler Suspicious Orange,TS0001037OneSize,100200,Suspicious Orange,OneSize,TS0001037+_202600,sku
TS0001038+_202600,Turbo Sock Untangler Beige²,Turbo Sock Untangler Beige²,TS0001038+,100200,Beige²,,TS0005$_202600,article
TS0001038S_202600,Turbo Sock Untangler Beige²,Turbo Sock Untangler Beige²,TS0001038S,100200,Beige²,S,TS0001038+_202600,sku
TS0001038M_202600,Turbo Sock Untangler Beige²,Turbo Sock Untangler Beige²,TS0001038M,100200,Beige²,M,TS0001038+_202600,sku
TS0001038XS_202600,Turbo Sock Untangler Beige²,Turbo Sock Untangler Beige²,TS0001038XS,100200,Beige²,XS,TS0001038+_202600,sku
TS0001039+_202600,Turbo Sock Untangler Existential Teal,Turbo Sock Untangler Existential Teal,TS0001039+,100200,Existential Teal,,TS0005$_202600,article
TS0001039S_202600,Turbo Sock Untangler Existential Teal,Turbo Sock Untangler Existential Teal,TS0001039S,100200,Existential Teal,S,TS0001039+_202600,sku
TS0001039XL_202600,Turbo Sock Untangler Existential Teal,Turbo Sock Untangler Existential Teal,TS0001039XL,100200,Existential Teal,XL,TS0001039+_202600,sku
TS0001039OneSize_202600,Turbo Sock Untangler Existential Teal,Turbo Sock Untangler Existential Teal,TS0001039OneSize,100200,Existential Teal,OneSize,TS0001039+_202600,sku
TS0001040+_202600,Turbo Sock Untangler Existential Teal,Turbo Sock Untangler Existential Teal,TS0001040+,100200,Existential Teal,,TS0005$_202600,article
TS0001040XS_202600,Turbo Sock Untangler Existential Teal,Turbo Sock Untangler Existential Teal,TS0001040XS,100200,Existential Teal,XS,TS0001040+_202600,sku
TS0001040M_202600,Turbo Sock Untangler Existential Teal,Turbo Sock Untangler Existential Teal,TS0001040M,100200,Existential Teal,M,TS0001040+_202600,sku
TS0001040XL_202600,Turbo Sock Untangler Existential Teal,Turbo Sock Untangler Existential Teal,TS0001040XL,100200,Existential Teal,XL,TS0001040+_202600,sku
TS0001040L_202600,Turbo Sock Untangler Existential Teal,Turbo Sock Untangler Existential Teal,TS0001040L,100200,Existential Teal,L,TS0001040+_202600,sku
PA0006$,Passive Aggressive Kettle,,PA0006$,100100,,,,master_model
PA0006$_202500,Passive Aggressive Kettle,,PA0006$,100100,,,PA0006$,season
PA0001041+_202500,Passive Aggressive Kettle Blazing Beige,Passive Aggressive Kettle Blazing Beige,PA0001041+,100100,Blazing Beige,,PA0006$_202500,article
PA0001041L_202500,Passive Aggressive Kettle Blazing Beige,Passive Aggressive Kettle Blazing Beige,PA0001041L,100100,Blazing Beige,L,PA0001041+_202500,sku
PA0001041M_202500,Passive Aggressive Kettle Blazing Beige,Passive Aggressive Kettle Blazing Beige,PA0001041M,100100,Blazing Beige,M,PA0001041+_202500,sku
PA0001042+_202500,Passive Aggressive Kettle Suspicious Orange,Passive Aggressive Kettle Suspicious Orange,PA0001042+,100100,Suspicious Orange,,PA0006$_202500,article
PA0001042XS_202500,Passive Aggressive Kettle Suspicious Orange,Passive Aggressive Kettle Suspicious Orange,PA0001042XS,100100,Suspicious Orange,XS,PA0001042+_202500,sku
PA0001042M_202500,Passive Aggressive Kettle Suspicious Orange,Passive Aggressive Kettle Suspicious Orange,PA0001042M,100100,Suspicious Orange,M,PA0001042+_202500,sku
PA0001042OneSize_202500,Passive Aggressive Kettle Suspicious Orange,Passive Aggressive Kettle Suspicious Orange,PA0001042OneSize,100100,Suspicious Orange,OneSize,PA0001042+_202500,sku
PA0001043+_202500,Passive Aggressive Kettle Ümlaut Grün,Passive Aggressive Kettle Ümlaut Grün,PA0001043+,100100,Ümlaut Grün,,PA0006$_202500,article
PA0001043OneSize_202500,Passive Aggressive Kettle Ümlaut Grün,Passive Aggressive Kettle Ümlaut Grün,PA0001043OneSize,100100,Ümlaut Grün,OneSize,PA0001043+_202500,sku
PA0001043S_202500,Passive Aggressive Kettle Ümlaut Grün,Passive Aggressive Kettle Ümlaut Grün,PA0001043S,100100,Ümlaut Grün,S,PA0001043+_202500,sku
PA0001044+_202500,Passive Aggressive Kettle Radioactive Sage,Passive Aggressive Kettle Radioactive Sage,PA0001044+,100100,Radioactive Sage,,PA0006$_202500,article
PA0001044L_202500,Passive Aggressive Kettle Radioactive Sage,Passive Aggressive Kettle Radioactive Sage,PA0001044L,100100,Radioactive Sage,L,PA0001044+_202500,sku
PA0001044S_202500,Passive Aggressive Kettle Radioactive Sage,Passive Aggressive Kettle Radioactive Sage,PA0001044S,100100,Radioactive Sage,S,PA0001044+_202500,sku
PA0001044M_202500,Passive Aggressive Kettle Radioactive Sage,Passive Aggressive Kettle Radioactive Sage,PA0001044M,100100,Radioactive Sage,M,PA0001044+_202500,sku
PA0001045+_202500,Passive Aggressive Kettle Blazing Beige,Passive Aggressive Kettle Blazing Beige,PA0001045+,100100,Blazing Beige,,PA0006$_202500,article
PA0001045XS_202500,Passive Aggressive Kettle Blazing Beige,Passive Aggressive Kettle Blazing Beige,PA0001045XS,100100,Blazing Beige,XS,PA0001045+_202500,sku
PA0001045OneSize_202500,Passive Aggressive Kettle Blazing Beige,Passive Aggressive Kettle Blazing Beige,PA0001045OneSize,100100,Blazing Beige,OneSize,PA0001045+_202500,sku
PA0001046+_202500,Passive Aggressive Kettle Radioactive Sage,Passive Aggressive Kettle Radioactive Sage,PA0001046+,100100,Radioactive Sage,,PA0006$_202500,article
PA0001046L_202500,Passive Aggressive Kettle Radioactive Sage,Passive Aggressive Kettle Radioactive Sage,PA0001046L,100100,Radioactive Sage,L,PA0001046+_202500,sku
PA000104642_202500,Passive Aggressive Kettle Radioactive Sage,Passive Aggressive Kettle Radioactive Sage,PA000104642,100100,Radioactive Sage,42,PA0001046+_202500,sku
PA0001046M_202500,Passive Aggressive Kettle Radioactive Sage,Passive Aggressive Kettle Radioactive Sage,PA0001046M,100100,Radioactive Sage,M,PA0001046+_202500,sku
PA0001047+_202500,Passive Aggressive Kettle Panic Pink,Passive Aggressive Kettle Panic Pink,PA0001047+,100100,Panic Pink,,PA0006$_202500,article
PA0001047XL_202500,Passive Aggressive Kettle Panic Pink,Passive Aggressive Kettle Panic Pink,PA0001047XL,100100,Panic Pink,XL,PA0001047+_202500,sku
PA0001047L_202500,Passive Aggressive Kettle Panic Pink,Passive Aggressive Kettle Panic Pink,PA0001047L,100100,Panic Pink,L,PA0001047+_202500,sku
NL0007$,Nocturnal Lawn Persuader,,NL0007$,200100,,,,master_model
NL0007$_202600,Nocturnal Lawn Persuader,,NL0007$,200100,,,NL0007$,season
NL0001048+_202600,Nocturnal Lawn Persuader Mild Mauve,Nocturnal Lawn Persuader Mild Mauve,NL0001048+,200100,Mild Mauve,,NL0007$_202600,article
NL0001048XS_202600,Nocturnal Lawn Persuader Mild Mauve,Nocturnal Lawn Persuader Mild Mauve,NL0001048XS,200100,Mild Mauve,XS,NL0001048+_202600,sku
NL0001048M_202600,Nocturnal Lawn Persuader Mild Mauve,Nocturnal Lawn Persuader Mild Mauve,NL0001048M,200100,Mild Mauve,M,NL0001048+_202600,sku
NL0001049+_202600,Nocturnal Lawn Persuader Voidwash Black,Nocturnal Lawn Persuader Voidwash Black,NL0001049+,200100,Voidwash Black,,NL0007$_202600,article
NL0001049XS_202600,Nocturnal Lawn Persuader Voidwash Black,Nocturnal Lawn Persuader Voidwash Black,NL0001049XS,200100,Voidwash Black,XS,NL0001049+_202600,sku
NL0001049OneSize_202600,Nocturnal Lawn Persuader Voidwash Black,Nocturnal Lawn Persuader Voidwash Black,NL0001049OneSize,200100,Voidwash Black,OneSize,NL0001049+_202600,sku
NL0001050+_202600,Nocturnal Lawn Persuader Suspicious Orange,Nocturnal Lawn Persuader Suspicious Orange,NL0001050+,200100,Suspicious Orange,,NL0007$_202600,article
NL0001050S_202600,Nocturnal Lawn Persuader Suspicious Orange,Nocturnal Lawn Persuader Suspicious Orange,NL0001050S,200100,Suspicious Orange,S,NL0001050+_202600,sku
NL0001050XL_202600,Nocturnal Lawn Persuader Suspicious Orange,Nocturnal Lawn Persuader Suspicious Orange,NL0001050XL,200100,Suspicious Orange,XL,NL0001050+_202600,sku
NL0001051+_202600,Nocturnal Lawn Persuader Radioactive Sage,Nocturnal Lawn Persuader Radioactive Sage,NL0001051+,200100,Radioactive Sage,,NL0007$_202600,article
NL0001051OneSize_202600,Nocturnal Lawn Persuader Radioactive Sage,Nocturnal Lawn Persuader Radioactive Sage,NL0001051OneSize,200100,Radioactive Sage,OneSize,NL0001051+_202600,sku
NL0001051S_202600,Nocturnal Lawn Persuader Radioactive Sage,Nocturnal Lawn Persuader Radioactive Sage,NL0001051S,200100,Radioactive Sage,S,NL0001051+_202600,sku
NL0001051M_202600,Nocturnal Lawn Persuader Radioactive Sage,Nocturnal Lawn Persuader Radioactive Sage,NL0001051M,200100,Radioactive Sage,M,NL0001051+_202600,sku
NL0001052+_202600,Nocturnal Lawn Persuader Radioactive Sage,Nocturnal Lawn Persuader Radioactive Sage,NL0001052+,200100,Radioactive Sage,,NL0007$_202600,article
NL0001052XS_202600,Nocturnal Lawn Persuader Radioactive Sage,Nocturnal Lawn Persuader Radioactive Sage,NL0001052XS,200100,Radioactive Sage,XS,NL0001052+_202600,sku
NL000105244_202600,Nocturnal Lawn Persuader Radioactive Sage,Nocturnal Lawn Persuader Radioactive Sage,NL000105244,200100,Radioactive Sage,44,NL0001052+_202600,sku
NL0001053+_202600,Nocturnal Lawn Persuader Existential Teal,Nocturnal Lawn Persuader Existential Teal,NL0001053+,200100,Existential Teal,,NL0007$_202600,article
NL0001053XS_202600,Nocturnal Lawn Persuader Existential Teal,Nocturnal Lawn Persuader Existential Teal,NL0001053XS,200100,Existential Teal,XS,NL0001053+_202600,sku
NL0001054+_202600,Nocturnal Lawn Persuader Blazing Beige,Nocturnal Lawn Persuader Blazing Beige,NL0001054+,200100,Blazing Beige,,NL0007$_202600,article
NL0001054OneSize_202600,Nocturnal Lawn Persuader Blazing Beige,Nocturnal Lawn Persuader Blazing Beige,NL0001054OneSize,200100,Blazing Beige,OneSize,NL0001054+_202600,sku
NL0001054M_202600,Nocturnal Lawn Persuader Blazing Beige,Nocturnal Lawn Persuader Blazing Beige,NL0001054M,200100,Blazing Beige,M,NL0001054+_202600,sku
NL0001055+_202600,Nocturnal Lawn Persuader Existential Teal,Nocturnal Lawn Persuader Existential Teal,NL0001055+,200100,Existential Teal,,NL0007$_202600,article
NL0001055S_202600,Nocturnal Lawn Persuader Existential Teal,Nocturnal Lawn Persuader Existential Teal,NL0001055S,200100,Existential Teal,S,NL0001055+_202600,sku
NL0001056+_202600,Nocturnal Lawn Persuader Voidwash Black,Nocturnal Lawn Persuader Voidwash Black,NL0001056+,200100,Voidwash Black,,NL0007$_202600,article
NL0001056OneSize_202600,Nocturnal Lawn Persuader Voidwash Black,Nocturnal Lawn Persuader Voidwash Black,NL0001056OneSize,200100,Voidwash Black,OneSize,NL0001056+_202600,sku
NL0001056L_202600,Nocturnal Lawn Persuader Voidwash Black,Nocturnal Lawn Persuader Voidwash Black,NL0001056L,200100,Voidwash Black,L,NL0001056+_202600,sku
ES0008$,Emotional Support Anvil,,ES0008$,100200,,,,master_model
ES0008$_202500,Emotional Support Anvil,,ES0008$,100200,,,ES0008$,season
ES0001057+_202500,Emotional Support Anvil Panic Pink,Emotional Support Anvil Panic Pink,ES0001057+,100200,Panic Pink,,ES0008$_202500,article
ES0001057XL_202500,Emotional Support Anvil Panic Pink,Emotional Support Anvil Panic Pink,ES0001057XL,100200,Panic Pink,XL,ES0001057+_202500,sku
ES000105742_202500,Emotional Support Anvil Panic Pink,Emotional Support Anvil Panic Pink,ES000105742,100200,Panic Pink,42,ES0001057+_202500,sku
ES000105744_202500,Emotional Support Anvil Panic Pink,Emotional Support Anvil Panic Pink,ES000105744,100200,Panic Pink,44,ES0001057+_202500,sku
ES0001058+_202500,Emotional Support Anvil Existential Teal,Emotional Support Anvil Existential Teal,ES0001058+,100200,Existential Teal,,ES0008$_202500,article
ES0001058OneSize_202500,Emotional Support Anvil Existential Teal,Emotional Support Anvil Existential Teal,ES0001058OneSize,100200,Existential Teal,OneSize,ES0001058+_202500,sku
ES0001058M_202500,Emotional Support Anvil Existential Teal,Emotional Support Anvil Existential Teal,ES0001058M,100200,Existential Teal,M,ES0001058+_202500,sku
ES0001059+_202500,Emotional Support Anvil Ümlaut Grün,Emotional Support Anvil Ümlaut Grün,ES0001059+,100200,Ümlaut Grün,,ES0008$_202500,article
ES0001059XL_202500,Emotional Support Anvil Ümlaut Grün,Emotional Support Anvil Ümlaut Grün,ES0001059XL,100200,Ümlaut Grün,XL,ES0001059+_202500,sku
ES0001059XS_202500,Emotional Support Anvil Ümlaut Grün,Emotional Support Anvil Ümlaut Grün,ES0001059XS,100200,Ümlaut Grün,XS,ES0001059+_202500,sku
ES0001060+_202500,Emotional Support Anvil Beige²,Emotional Support Anvil Beige²,ES0001060+,100200,Beige²,,ES0008$_202500,article
ES000106044_202500,Emotional Support Anvil Beige²,Emotional Support Anvil Beige²,ES000106044,100200,Beige²,44,ES0001060+_202500,sku
ES0001060S_202500,Emotional Support Anvil Beige²,Emotional Support Anvil Beige²,ES0001060S,100200,Beige²,S,ES0001060+_202500,sku
ES0001060OneSize_202500,Emotional Support Anvil Beige²,Emotional Support Anvil Beige²,ES0001060OneSize,100200,Beige²,OneSize,ES0001060+_202500,sku
ES0001061+_202500,Emotional Support Anvil Existential Teal,Emotional Support Anvil Existential Teal,ES0001061+,100200,Existential Teal,,ES0008$_202500,article
ES0001061XL_202500,Emotional Support Anvil Existential Teal,Emotional Support Anvil Existential Teal,ES0001061XL,100200,Existential Teal,XL,ES0001061+_202500,sku
ES0001061M_202500,Emotional Support Anvil Existential Teal,Emotional Support Anvil Existential Teal,ES0001061M,100200,Existential Teal,M,ES0001061+_202500,sku
ES0001062+_202500,Emotional Support Anvil Voidwash Black,Emotional Support Anvil Voidwash Black,ES0001062+,100200,Voidwash Black,,ES0008$_202500,article
ES0001062OneSize_202500,Emotional Support Anvil Voidwash Black,Emotional Support Anvil Voidwash Black,ES0001062OneSize,100200,Voidwash Black,OneSize,ES0001062+_202500,sku
ES0001062L_202500,Emotional Support Anvil Voidwash Black,Emotional Support Anvil Voidwash Black,ES0001062L,100200,Voidwash Black,L,ES0001062+_202500,sku
ES0001062XS_202500,Emotional Support Anvil Voidwash Black,Emotional Support Anvil Voidwash Black,ES0001062XS,100200,Voidwash Black,XS,ES0001062+_202500,sku
ES0001062S_202500,Emotional Support Anvil Voidwash Black,Emotional Support Anvil Voidwash Black,ES0001062S,100200,Voidwash Black,S,ES0001062+_202500,sku
ES0001063+_202500,Emotional Support Anvil Beige²,Emotional Support Anvil Beige²,ES0001063+,100200,Beige²,,ES0008$_202500,article
ES000106344_202500,Emotional Support Anvil Beige²,Emotional Support Anvil Beige²,ES000106344,100200,Beige²,44,ES0001063+_202500,sku
ES0001063M_202500,Emotional Support Anvil Beige²,Emotional Support Anvil Beige²,ES0001063M,100200,Beige²,M,ES0001063+_202500,sku
ES000106342_202500,Emotional Support Anvil Beige²,Emotional Support Anvil Beige²,ES000106342,100200,Beige²,42,ES0001063+_202500,sku
ES0001063S_202500,Emotional Support Anvil Beige²,Emotional Support Anvil Beige²,ES0001063S,100200,Beige²,S,ES0001063+_202500,sku
ES0001064+_202500,Emotional Support Anvil Mild Mauve,Emotional Support Anvil Mild Mauve,ES0001064+,100200,Mild Mauve,,ES0008$_202500,article
ES0001064S_202500,Emotional Support Anvil Mild Mauve,Emotional Support Anvil Mild Mauve,ES0001064S,100200,Mild Mauve,S,ES0001064+_202500,sku
ES0001064OneSize_202500,Emotional Support Anvil Mild Mauve,Emotional Support Anvil Mild Mauve,ES0001064OneSize,100200,Mild Mauve,OneSize,ES0001064+_202500,sku
ES000106442_202500,Emotional Support Anvil Mild Mauve,Emotional Support Anvil Mild Mauve,ES000106442,100200,Mild Mauve,42,ES0001064+_202500,sku
ES0001064XS_202500,Emotional Support Anvil Mild Mauve,Emotional Support Anvil Mild Mauve,ES0001064XS,100200,Mild Mauve,XS,ES0001064+_202500,sku
ES0001065+_202500,Emotional Support Anvil Existential Teal,Emotional Support Anvil Existential Teal,ES0001065+,100200,Existential Teal,,ES0008$_202500,article
ES000106544_202500,Emotional Support Anvil Existential Teal,Emotional Support Anvil Existential Teal,ES000106544,100200,Existential Teal,44,ES0001065+_202500,sku
ES0001065OneSize_202500,Emotional Support Anvil Existential Teal,Emotional Support Anvil Existential Teal,ES0001065OneSize,100200,Existential Teal,OneSize,ES0001065+_202500,sku
ES0001065M_202500,Emotional Support Anvil Existential Teal,Emotional Support Anvil Existential Teal,ES0001065M,100200,Existential Teal,M,ES0001065+_202500,sku
BS0009$,Baroque Spoon Amplifier,,BS0009$,100200,,,,master_model
BS0009$_202500,Baroque Spoon Amplifier,,BS0009$,100200,,,BS0009$,season
BS0001066+_202500,Baroque Spoon Amplifier Radioactive Sage,Baroque Spoon Amplifier Radioactive Sage,BS0001066+,100200,Radioactive Sage,,BS0009$_202500,article
BS0001066L_202500,Baroque Spoon Amplifier Radioactive Sage,Baroque Spoon Amplifier Radioactive Sage,BS0001066L,100200,Radioactive Sage,L,BS0001066+_202500,sku
BS000106644_202500,Baroque Spoon Amplifier Radioactive Sage,Baroque Spoon Amplifier Radioactive Sage,BS000106644,100200,Radioactive Sage,44,BS0001066+_202500,sku
BS0001066M_202500,Baroque Spoon Amplifier Radioactive Sage,Baroque Spoon Amplifier Radioactive Sage,BS0001066M,100200,Radioactive Sage,M,BS0001066+_202500,sku
BS0001067+_202500,Baroque Spoon Amplifier Ümlaut Grün,Baroque Spoon Amplifier Ümlaut Grün,BS0001067+,100200,Ümlaut Grün,,BS0009$_202500,article
BS0001067S_202500,Baroque Spoon Amplifier Ümlaut Grün,Baroque Spoon Amplifier Ümlaut Grün,BS0001067S,100200,Ümlaut Grün,S,BS0001067+_202500,sku
BS0001067XS_202500,Baroque Spoon Amplifier Ümlaut Grün,Baroque Spoon Amplifier Ümlaut Grün,BS0001067XS,100200,Ümlaut Grün,XS,BS0001067+_202500,sku
BS0001068+_202500,Baroque Spoon Amplifier Beige²,Baroque Spoon Amplifier Beige²,BS0001068+,100200,Beige²,,BS0009$_202500,article
BS0001068M_202500,Baroque Spoon Amplifier Beige²,Baroque Spoon Amplifier Beige²,BS0001068M,100200,Beige²,M,BS0001068+_202500,sku
BS0001069+_202500,Baroque Spoon Amplifier Suspicious Orange,Baroque Spoon Amplifier Suspicious Orange,BS0001069+,100200,Suspicious Orange,,BS0009$_202500,article
BS0001069L_202500,Baroque Spoon Amplifier Suspicious Orange,Baroque Spoon Amplifier Suspicious Orange,BS0001069L,100200,Suspicious Orange,L,BS0001069+_202500,sku
BS0001069M_202500,Baroque Spoon Amplifier Suspicious Orange,Baroque Spoon Amplifier Suspicious Orange,BS0001069M,100200,Suspicious Orange,M,BS0001069+_202500,sku
BS0001069OneSize_202500,Baroque Spoon Amplifier Suspicious Orange,Baroque Spoon Amplifier Suspicious Orange,BS0001069OneSize,100200,Suspicious Orange,OneSize,BS0001069+_202500,sku
BS0001069XL_202500,Baroque Spoon Amplifier Suspicious Orange,Baroque Spoon Amplifier Suspicious Orange,BS0001069XL,100200,Suspicious Orange,XL,BS0001069+_202500,sku
BS0001070+_202500,Baroque Spoon Amplifier Beige²,Baroque Spoon Amplifier Beige²,BS0001070+,100200,Beige²,,BS0009$_202500,article
BS0001070OneSize_202500,Baroque Spoon Amplifier Beige²,Baroque Spoon Amplifier Beige²,BS0001070OneSize,100200,Beige²,OneSize,BS0001070+_202500,sku
BS0001070M_202500,Baroque Spoon Amplifier Beige²,Baroque Spoon Amplifier Beige²,BS0001070M,100200,Beige²,M,BS0001070+_202500,sku
BS0001071+_202500,Baroque Spoon Amplifier Mild Mauve,Baroque Spoon Amplifier Mild Mauve,BS0001071+,100200,Mild Mauve,,BS0009$_202500,article
BS000107142_202500,Baroque Spoon Amplifier Mild Mauve,Baroque Spoon Amplifier Mild Mauve,BS000107142,100200,Mild Mauve,42,BS0001071+_202500,sku
BS0001072+_202500,Baroque Spoon Amplifier Radioactive Sage,Baroque Spoon Amplifier Radioactive Sage,BS0001072+,100200,Radioactive Sage,,BS0009$_202500,article
BS000107244_202500,Baroque Spoon Amplifier Radioactive Sage,Baroque Spoon Amplifier Radioactive Sage,BS000107244,100200,Radioactive Sage,44,BS0001072+_202500,sku
BS000107242_202500,Baroque Spoon Amplifier Radioactive Sage,Baroque Spoon Amplifier Radioactive Sage,BS000107242,100200,Radioactive Sage,42,BS0001072+_202500,sku
BS0001072XL_202500,Baroque Spoon Amplifier Radioactive Sage,Baroque Spoon Amplifier Radioactive Sage,BS0001072XL,100200,Radioactive Sage,XL,BS0001072+_202500,sku
BS0001072S_202500,Baroque Spoon Amplifier Radioactive Sage,Baroque Spoon Amplifier Radioactive Sage,BS0001072S,100200,Radioactive Sage,S,BS0001072+_202500,sku
FC0010$,Feral Calculator,,FC0010$,100200,,,,master_model
FC0010$_202500,Feral Calculator,,FC0010$,100200,,,FC0010$,season
FC0001073+_202500,Feral Calculator Suspicious Orange,Feral Calculator Suspicious Orange,FC0001073+,100200,Suspicious Orange,,FC0010$_202500,article
FC000107344_202500,Feral Calculator Suspicious Orange,Feral Calculator Suspicious Orange,FC000107344,100200,Suspicious Orange,44,FC0001073+_202500,sku
FC0001073L_202500,Feral Calculator Suspicious Orange,Feral Calculator Suspicious Orange,FC0001073L,100200,Suspicious Orange,L,FC0001073+_202500,sku
FC0001074+_202500,Feral Calculator Panic Pink,Feral Calculator Panic Pink,FC0001074+,100200,Panic Pink,,FC0010$_202500,article
FC000107444_202500,Feral Calculator Panic Pink,Feral Calculator Panic Pink,FC000107444,100200,Panic Pink,44,FC0001074+_202500,sku
FC0001075+_202500,Feral Calculator Radioactive Sage,Feral Calculator Radioactive Sage,FC0001075+,100200,Radioactive Sage,,FC0010$_202500,article
FC0001075OneSize_202500,Feral Calculator Radioactive Sage,Feral Calculator Radioactive Sage,FC0001075OneSize,100200,Radioactive Sage,OneSize,FC0001075+_202500,sku
FC0001075S_202500,Feral Calculator Radioactive Sage,Feral Calculator Radioactive Sage,FC0001075S,100200,Radioactive Sage,S,FC0001075+_202500,sku
FC0001075XS_202500,Feral Calculator Radioactive Sage,Feral Calculator Radioactive Sage,FC0001075XS,100200,Radioactive Sage,XS,FC0001075+_202500,sku
FC000107544_202500,Feral Calculator Radioactive Sage,Feral Calculator Radioactive Sage,FC000107544,100200,Radioactive Sage,44,FC0001075+_202500,sku
FC0001076+_202500,Feral Calculator Beige²,Feral Calculator Beige²,FC0001076+,100200,Beige²,,FC0010$_202500,article
FC0001076XS_202500,Feral Calculator Beige²,Feral Calculator Beige²,FC0001076XS,100200,Beige²,XS,FC0001076+_202500,sku
FC0001077+_202500,Feral Calculator Panic Pink,Feral Calculator Panic Pink,FC0001077+,100200,Panic Pink,,FC0010$_202500,article
FC0001077XS_202500,Feral Calculator Panic Pink,Feral Calculator Panic Pink,FC0001077XS,100200,Panic Pink,XS,FC0001077+_202500,sku
FC000107742_202500,Feral Calculator Panic Pink,Feral Calculator Panic Pink,FC000107742,100200,Panic Pink,42,FC0001077+_202500,sku
WU0011$,Wandering Umbrella Magnet,,WU0011$,100100,,,,master_model
WU0011$_202500,Wandering Umbrella Magnet,,WU0011$,100100,,,WU0011$,season
WU0001078+_202500,Wandering Umbrella Magnet Suspicious Orange,Wandering Umbrella Magnet Suspicious Orange,WU0001078+,100100,Suspicious Orange,,WU0011$_202500,article
WU000107844_202500,Wandering Umbrella Magnet Suspicious Orange,Wandering Umbrella Magnet Suspicious Orange,WU000107844,100100,Suspicious Orange,44,WU0001078+_202500,sku
WU0001078M_202500,Wandering Umbrella Magnet Suspicious Orange,Wandering Umbrella Magnet Suspicious Orange,WU0001078M,100100,Suspicious Orange,M,WU0001078+_202500,sku
WU0001079+_202500,Wandering Umbrella Magnet Mild Mauve,Wandering Umbrella Magnet Mild Mauve,WU0001079+,100100,Mild Mauve,,WU0011$_202500,article
WU0001079OneSize_202500,Wandering Umbrella Magnet Mild Mauve,Wandering Umbrella Magnet Mild Mauve,WU0001079OneSize,100100,Mild Mauve,OneSize,WU0001079+_202500,sku
WU0001079XL_202500,Wandering Umbrella Magnet Mild Mauve,Wandering Umbrella Magnet Mild Mauve,WU0001079XL,100100,Mild Mauve,XL,WU0001079+_202500,sku
WU0001080+_202500,Wandering Umbrella Magnet Blazing Beige,Wandering Umbrella Magnet Blazing Beige,WU0001080+,100100,Blazing Beige,,WU0011$_202500,article
WU0001080OneSize_202500,Wandering Umbrella Magnet Blazing Beige,Wandering Umbrella Magnet Blazing Beige,WU0001080OneSize,100100,Blazing Beige,OneSize,WU0001080+_202500,sku
WU000108042_202500,Wandering Umbrella Magnet Blazing Beige,Wandering Umbrella Magnet Blazing Beige,WU000108042,100100,Blazing Beige,42,WU0001080+_202500,sku
WU0001081+_202500,Wandering Umbrella Magnet Beige²,Wandering Umbrella Magnet Beige²,WU0001081+,100100,Beige²,,WU0011$_202500,article
WU000108142_202500,Wandering Umbrella Magnet Beige²,Wandering Umbrella Magnet Beige²,WU000108142,100100,Beige²,42,WU0001081+_202500,sku
WU0001082+_202500,Wandering Umbrella Magnet Ümlaut Grün,Wandering Umbrella Magnet Ümlaut Grün,WU0001082+,100100,Ümlaut Grün,,WU0011$_202500,article
WU0001082L_202500,Wandering Umbrella Magnet Ümlaut Grün,Wandering Umbrella Magnet Ümlaut Grün,WU0001082L,100100,Ümlaut Grün,L,WU0001082+_202500,sku
SD0012$,Sentient Doormat,,SD0012$,200100,,,,master_model
SD0012$_202600,Sentient Doormat,,SD0012$,200100,,,SD0012$,season
SD0001083+_202600,Sentient Doormat Beige²,Sentient Doormat Beige²,SD0001083+,200100,Beige²,,SD0012$_202600,article
SD0001083L_202600,Sentient Doormat Beige²,Sentient Doormat Beige²,SD0001083L,200100,Beige²,L,SD0001083+_202600,sku
SD0001083OneSize_202600,Sentient Doormat Beige²,Sentient Doormat Beige²,SD0001083OneSize,200100,Beige²,OneSize,SD0001083+_202600,sku
SD0001084+_202600,Sentient Doormat Voidwash Black,Sentient Doormat Voidwash Black,SD0001084+,200100,Voidwash Black,,SD0012$_202600,article
SD0001084M_202600,Sentient Doormat Voidwash Black,Sentient Doormat Voidwash Black,SD0001084M,200100,Voidwash Black,M,SD0001084+_202600,sku
SD0001085+_202600,Sentient Doormat Mild Mauve,Sentient Doormat Mild Mauve,SD0001085+,200100,Mild Mauve,,SD0012$_202600,article
SD0001085S_202600,Sentient Doormat Mild Mauve,Sentient Doormat Mild Mauve,SD0001085S,200100,Mild Mauve,S,SD0001085+_202600,sku
SD0001086+_202600,Sentient Doormat Blazing Beige,Sentient Doormat Blazing Beige,SD0001086+,200100,Blazing Beige,,SD0012$_202600,article
SD000108644_202600,Sentient Doormat Blazing Beige,Sentient Doormat Blazing Beige,SD000108644,200100,Blazing Beige,44,SD0001086+_202600,sku
SD0001086OneSize_202600,Sentient Doormat Blazing Beige,Sentient Doormat Blazing Beige,SD0001086OneSize,200100,Blazing Beige,OneSize,SD0001086+_202600,sku
SD0001086M_202600,Sentient Doormat Blazing Beige,Sentient Doormat Blazing Beige,SD0001086M,200100,Blazing Beige,M,SD0001086+_202600,sku
SD0001087+_202600,Sentient Doormat Radioactive Sage,Sentient Doormat Radioactive Sage,SD0001087+,200100,Radioactive Sage,,SD0012$_202600,article
SD0001087L_202600,Sentient Doormat Radioactive Sage,Sentient Doormat Radioactive Sage,SD0001087L,200100,Radioactive Sage,L,SD0001087+_202600,sku
OP0013$,Overqualified Paperweight,,OP0013$,300100,,,,master_model
OP0013$_202500,Overqualified Paperweight,,OP0013$,300100,,,OP0013$,season
OP0001088+_202500,Overqualified Paperweight Ümlaut Grün,Overqualified Paperweight Ümlaut Grün,OP0001088+,300100,Ümlaut Grün,,OP0013$_202500,article
OP0001088L_202500,Overqualified Paperweight Ümlaut Grün,Overqualified Paperweight Ümlaut Grün,OP0001088L,300100,Ümlaut Grün,L,OP0001088+_202500,sku
OP0001088M_202500,Overqualified Paperweight Ümlaut Grün,Overqualified Paperweight Ümlaut Grün,OP0001088M,300100,Ümlaut Grün,M,OP0001088+_202500,sku
OP000108844_202500,Overqualified Paperweight Ümlaut Grün,Overqualified Paperweight Ümlaut Grün,OP000108844,300100,Ümlaut Grün,44,OP0001088+_202500,sku
OP0001088OneSize_202500,Overqualified Paperweight Ümlaut Grün,Overqualified Paperweight Ümlaut Grün,OP0001088OneSize,300100,Ümlaut Grün,OneSize,OP0001088+_202500,sku
OP0001089+_202500,Overqualified Paperweight Radioactive Sage,Overqualified Paperweight Radioactive Sage,OP0001089+,300100,Radioactive Sage,,OP0013$_202500,article
OP000108944_202500,Overqualified Paperweight Radioactive Sage,Overqualified Paperweight Radioactive Sage,OP000108944,300100,Radioactive Sage,44,OP0001089+_202500,sku
OP0001089XS_202500,Overqualified Paperweight Radioactive Sage,Overqualified Paperweight Radioactive Sage,OP0001089XS,300100,Radioactive Sage,XS,OP0001089+_202500,sku
OP0001090+_202500,Overqualified Paperweight Existential Teal,Overqualified Paperweight Existential Teal,OP0001090+,300100,Existential Teal,,OP0013$_202500,article
OP000109042_202500,Overqualified Paperweight Existential Teal,Overqualified Paperweight Existential Teal,OP000109042,300100,Existential Teal,42,OP0001090+_202500,sku
OP0001090M_202500,Overqualified Paperweight Existential Teal,Overqualified Paperweight Existential Teal,OP0001090M,300100,Existential Teal,M,OP0001090+_202500,sku
OP000109044_202500,Overqualified Paperweight Existential Teal,Overqualified Paperweight Existential Teal,OP000109044,300100,Existential Teal,44,OP0001090+_202500,sku
OP0001091+_202500,Overqualified Paperweight Suspicious Orange,Overqualified Paperweight Suspicious Orange,OP0001091+,300100,Suspicious Orange,,OP0013$_202500,article
OP0001091XS_202500,Overqualified Paperweight Suspicious Orange,Overqualified Paperweight Suspicious Orange,OP0001091XS,300100,Suspicious Orange,XS,OP0001091+_202500,sku
OP000109142_202500,Overqualified Paperweight Suspicious Orange,Overqualified Paperweight Suspicious Orange,OP000109142,300100,Suspicious Orange,42,OP0001091+_202500,sku
OP0001091XL_202500,Overqualified Paperweight Suspicious Orange,Overqualified Paperweight Suspicious Orange,OP0001091XL,300100,Suspicious Orange,XL,OP0001091+_202500,sku
OP0001092+_202500,Overqualified Paperweight Beige²,Overqualified Paperweight Beige²,OP0001092+,300100,Beige²,,OP0013$_202500,article
OP000109244_202500,Overqualified Paperweight Beige²,Overqualified Paperweight Beige²,OP000109244,300100,Beige²,44,OP0001092+_202500,sku
OP0001092OneSize_202500,Overqualified Paperweight Beige²,Overqualified Paperweight Beige²,OP0001092OneSize,300100,Beige²,OneSize,OP0001092+_202500,sku
OP0001092M_202500,Overqualified Paperweight Beige²,Overqualified Paperweight Beige²,OP0001092M,300100,Beige²,M,OP0001092+_202500,sku
OP0001092L_202500,Overqualified Paperweight Beige²,Overqualified Paperweight Beige²,OP0001092L,300100,Beige²,L,OP0001092+_202500,sku
OP0001093+_202500,Overqualified Paperweight Suspicious Orange,Overqualified Paperweight Suspicious Orange,OP0001093+,300100,Suspicious Orange,,OP0013$_202500,article
OP0001093L_202500,Overqualified Paperweight Suspicious Orange,Overqualified Paperweight Suspicious Orange,OP0001093L,300100,Suspicious Orange,L,OP0001093+_202500,sku
OP0001093M_202500,Overqualified Paperweight Suspicious Orange,Overqualified Paperweight Suspicious Orange,OP0001093M,300100,Suspicious Orange,M,OP0001093+_202500,sku
OP0001094+_202500,Overqualified Paperweight Radioactive Sage,Overqualified Paperweight Radioactive Sage,OP0001094+,300100,Radioactive Sage,,OP0013$_202500,article
OP0001094L_202500,Overqualified Paperweight Radioactive Sage,Overqualified Paperweight Radioactive Sage,OP0001094L,300100,Radioactive Sage,L,OP0001094+_202500,sku
OP0001094OneSize_202500,Overqualified Paperweight Radioactive Sage,Overqualified Paperweight Radioactive Sage,OP0001094OneSize,300100,Radioactive Sage,OneSize,OP0001094+_202500,sku
MD0014$,Melancholy Disco Ball,,MD0014$,100100,,,,master_model
MD0014$_202600,Melancholy Disco Ball,,MD0014$,100100,,,MD0014$,season
MD0001095+_202600,Melancholy Disco Ball Ümlaut Grün,Melancholy Disco Ball Ümlaut Grün,MD0001095+,100100,Ümlaut Grün,,MD0014$_202600,article
MD0001095M_202600,Melancholy Disco Ball Ümlaut Grün,Melancholy Disco Ball Ümlaut Grün,MD0001095M,100100,Ümlaut Grün,M,MD0001095+_202600,sku
MD0001095L_202600,Melancholy Disco Ball Ümlaut Grün,Melancholy Disco Ball Ümlaut Grün,MD0001095L,100100,Ümlaut Grün,L,MD0001095+_202600,sku
MD0001095XS_202600,Melancholy Disco Ball Ümlaut Grün,Melancholy Disco Ball Ümlaut Grün,MD0001095XS,100100,Ümlaut Grün,XS,MD0001095+_202600,sku
MD0001096+_202600,Melancholy Disco Ball Beige²,Melancholy Disco Ball Beige²,MD0001096+,100100,Beige²,,MD0014$_202600,article
MD0001096L_202600,Melancholy Disco Ball Beige²,Melancholy Disco Ball Beige²,MD0001096L,100100,Beige²,L,MD0001096+_202600,sku
MD0001096S_202600,Melancholy Disco Ball Beige²,Melancholy Disco Ball Beige²,MD0001096S,100100,Beige²,S,MD0001096+_202600,sku
MD0001097+_202600,Melancholy Disco Ball Existential Teal,Melancholy Disco Ball Existential Teal,MD0001097+,100100,Existential Teal,,MD0014$_202600,article
MD0001097XL_202600,Melancholy Disco Ball Existential Teal,Melancholy Disco Ball Existential Teal,MD0001097XL,100100,Existential Teal,XL,MD0001097+_202600,sku
MD0001097M_202600,Melancholy Disco Ball Existential Teal,Melancholy Disco Ball Existential Teal,MD0001097M,100100,Existential Teal,M,MD0001097+_202600,sku
MD0001097OneSize_202600,Melancholy Disco Ball Existential Teal,Melancholy Disco Ball Existential Teal,MD0001097OneSize,100100,Existential Teal,OneSize,MD0001097+_202600,sku
MD0001098+_202600,Melancholy Disco Ball Voidwash Black,Melancholy Disco Ball Voidwash Black,MD0001098+,100100,Voidwash Black,,MD0014$_202600,article
MD0001098XL_202600,Melancholy Disco Ball Voidwash Black,Melancholy Disco Ball Voidwash Black,MD0001098XL,100100,Voidwash Black,XL,MD0001098+_202600,sku
MD0001098OneSize_202600,Melancholy Disco Ball Voidwash Black,Melancholy Disco Ball Voidwash Black,MD0001098OneSize,100100,Voidwash Black,OneSize,MD0001098+_202600,sku
MD0001099+_202600,Melancholy Disco Ball Existential Teal,Melancholy Disco Ball Existential Teal,MD0001099+,100100,Existential Teal,,MD0014$_202600,article
MD0001099XS_202600,Melancholy Disco Ball Existential Teal,Melancholy Disco Ball Existential Teal,MD0001099XS,100100,Existential Teal,XS,MD0001099+_202600,sku
MD0001099OneSize_202600,Melancholy Disco Ball Existential Teal,Melancholy Disco Ball Existential Teal,MD0001099OneSize,100100,Existential Teal,OneSize,MD0001099+_202600,sku
MD000109944_202600,Melancholy Disco Ball Existential Teal,Melancholy Disco Ball Existential Teal,MD000109944,100100,Existential Teal,44,MD0001099+_202600,sku
MD0001099L_202600,Melancholy Disco Ball Existential Teal,Melancholy Disco Ball Existential Teal,MD0001099L,100100,Existential Teal,L,MD0001099+_202600,sku
MD0001100+_202600,Melancholy Disco Ball Voidwash Black,Melancholy Disco Ball Voidwash Black,MD0001100+,100100,Voidwash Black,,MD0014$_202600,article
MD0001100XS_202600,Melancholy Disco Ball Voidwash Black,Melancholy Disco Ball Voidwash Black,MD0001100XS,100100,Voidwash Black,XS,MD0001100+_202600,sku
MD0001101+_202600,Melancholy Disco Ball Panic Pink,Melancholy Disco Ball Panic Pink,MD0001101+,100100,Panic Pink,,MD0014$_202600,article
MD0001101XL_202600,Melancholy Disco Ball Panic Pink,Melancholy Disco Ball Panic Pink,MD0001101XL,100100,Panic Pink,XL,MD0001101+_202600,sku
MD000110144_202600,Melancholy Disco Ball Panic Pink,Melancholy Disco Ball Panic Pink,MD000110144,100100,Panic Pink,44,MD0001101+_202600,sku
MD000110142_202600,Melancholy Disco Ball Panic Pink,Melancholy Disco Ball Panic Pink,MD000110142,100100,Panic Pink,42,MD0001101+_202600,sku
MD0001101XS_202600,Melancholy Disco Ball Panic Pink,Melancholy Disco Ball Panic Pink,MD0001101XS,100100,Panic Pink,XS,MD0001101+_202600,sku
MD0001102+_202600,Melancholy Disco Ball Panic Pink,Melancholy Disco Ball Panic Pink,MD0001102+,100100,Panic Pink,,MD0014$_202600,article
MD0001102L_202600,Melancholy Disco Ball Panic Pink,Melancholy Disco Ball Panic Pink,MD0001102L,100100,Panic Pink,L,MD0001102+_202600,sku
MD0001103+_202600,Melancholy Disco Ball Mild Mauve,Melancholy Disco Ball Mild Mauve,MD0001103+,100100,Mild Mauve,,MD0014$_202600,article
MD000110342_202600,Melancholy Disco Ball Mild Mauve,Melancholy Disco Ball Mild Mauve,MD000110342,100100,Mild Mauve,42,MD0001103+_202600,sku
MD0001103S_202600,Melancholy Disco Ball Mild Mauve,Melancholy Disco Ball Mild Mauve,MD0001103S,100100,Mild Mauve,S,MD0001103+_202600,sku
MD0001103XL_202600,Melancholy Disco Ball Mild Mauve,Melancholy Disco Ball Mild Mauve,MD0001103XL,100100,Mild Mauve,XL,MD0001103+_202600,sku
MD0001103M_202600,Melancholy Disco Ball Mild Mauve,Melancholy Disco Ball Mild Mauve,MD0001103M,100100,Mild Mauve,M,MD0001103+_202600,sku
AC0015$,Aggressive Cushion,,AC0015$,100100,,,,master_model
AC0015$_202600,Aggressive Cushion,,AC0015$,100100,,,AC0015$,season
AC0001104+_202600,Aggressive Cushion Beige²,Aggressive Cushion Beige²,AC0001104+,100100,Beige²,,AC0015$_202600,article
AC000110444_202600,Aggressive Cushion Beige²,Aggressive Cushion Beige²,AC000110444,100100,Beige²,44,AC0001104+_202600,sku
AC0001105+_202600,Aggressive Cushion Panic Pink,Aggressive Cushion Panic Pink,AC0001105+,100100,Panic Pink,,AC0015$_202600,article
AC0001105XL_202600,Aggressive Cushion Panic Pink,Aggressive Cushion Panic Pink,AC0001105XL,100100,Panic Pink,XL,AC0001105+_202600,sku
AC0001105L_202600,Aggressive Cushion Panic Pink,Aggressive Cushion Panic Pink,AC0001105L,100100,Panic Pink,L,AC0001105+_202600,sku
AC0001105M_202600,Aggressive Cushion Panic Pink,Aggressive Cushion Panic Pink,AC0001105M,100100,Panic Pink,M,AC0001105+_202600,sku
AC000110542_202600,Aggressive Cushion Panic Pink,Aggressive Cushion Panic Pink,AC000110542,100100,Panic Pink,42,AC0001105+_202600,sku
AC0001106+_202600,Aggressive Cushion Blazing Beige,Aggressive Cushion Blazing Beige,AC0001106+,100100,Blazing Beige,,AC0015$_202600,article
AC0001106L_202600,Aggressive Cushion Blazing Beige,Aggressive Cushion Blazing Beige,AC0001106L,100100,Blazing Beige,L,AC0001106+_202600,sku
AC0001106OneSize_202600,Aggressive Cushion Blazing Beige,Aggressive Cushion Blazing Beige,AC0001106OneSize,100100,Blazing Beige,OneSize,AC0001106+_202600,sku
AC000110642_202600,Aggressive Cushion Blazing Beige,Aggressive Cushion Blazing Beige,AC000110642,100100,Blazing Beige,42,AC0001106+_202600,sku
AC0001107+_202600,Aggressive Cushion Existential Teal,Aggressive Cushion Existential Teal,AC0001107+,100100,Existential Teal,,AC0015$_202600,article
AC000110742_202600,Aggressive Cushion Existential Teal,Aggressive Cushion Existential Teal,AC000110742,100100,Existential Teal,42,AC0001107+_202600,sku
AC0001107L_202600,Aggressive Cushion Existential Teal,Aggressive Cushion Existential Teal,AC0001107L,100100,Existential Teal,L,AC0001107+_202600,sku
AC0001107S_202600,Aggressive Cushion Existential Teal,Aggressive Cushion Existential Teal,AC0001107S,100100,Existential Teal,S,AC0001107+_202600,sku
AC0001107OneSize_202600,Aggressive Cushion Existential Teal,Aggressive Cushion Existential Teal,AC0001107OneSize,100100,Existential Teal,OneSize,AC0001107+_202600,sku
AC0001108+_202600,Aggressive Cushion Ümlaut Grün,Aggressive Cushion Ümlaut Grün,AC0001108+,100100,Ümlaut Grün,,AC0015$_202600,article
AC000110844_202600,Aggressive Cushion Ümlaut Grün,Aggressive Cushion Ümlaut Grün,AC000110844,100100,Ümlaut Grün,44,AC0001108+_202600,sku
AC0001108XS_202600,Aggressive Cushion Ümlaut Grün,Aggressive Cushion Ümlaut Grün,AC0001108XS,100100,Ümlaut Grün,XS,AC0001108+_202600,sku
AC0001109+_202600,Aggressive Cushion Panic Pink,Aggressive Cushion Panic Pink,AC0001109+,100100,Panic Pink,,AC0015$_202600,article
AC0001109S_202600,Aggressive Cushion Panic Pink,Aggressive Cushion Panic Pink,AC0001109S,100100,Panic Pink,S,AC0001109+_202600,sku
AC0001109XS_202600,Aggressive Cushion Panic Pink,Aggressive Cushion Panic Pink,AC0001109XS,100100,Panic Pink,XS,AC0001109+_202600,sku
AC0001110+_202600,Aggressive Cushion Blazing Beige,Aggressive Cushion Blazing Beige,AC0001110+,100100,Blazing Beige,,AC0015$_202600,article
AC000111042_202600,Aggressive Cushion Blazing Beige,Aggressive Cushion Blazing Beige,AC000111042,100100,Blazing Beige,42,AC0001110+_202600,sku
AC0001110XS_202600,Aggressive Cushion Blazing Beige,Aggressive Cushion Blazing Beige,AC0001110XS,100100,Blazing Beige,XS,AC0001110+_202600,sku
AC0001110XL_202600,Aggressive Cushion Blazing Beige,Aggressive Cushion Blazing Beige,AC0001110XL,100100,Blazing Beige,XL,AC0001110+_202600,sku
AC0001110L_202600,Aggressive Cushion Blazing Beige,Aggressive Cushion Blazing Beige,AC0001110L,100100,Blazing Beige,L,AC0001110+_202600,sku
AC0001111+_202600,Aggressive Cushion Voidwash Black,Aggressive Cushion Voidwash Black,AC0001111+,100100,Voidwash Black,,AC0015$_202600,article
AC0001111L_202600,Aggressive Cushion Voidwash Black,Aggressive Cushion Voidwash Black,AC0001111L,100100,Voidwash Black,L,AC0001111+_202600,sku
AC000111144_202600,Aggressive Cushion Voidwash Black,Aggressive Cushion Voidwash Black,AC000111144,100100,Voidwash Black,44,AC0001111+_202600,sku
AC0001111OneSize_202600,Aggressive Cushion Voidwash Black,Aggressive Cushion Voidwash Black,AC0001111OneSize,100100,Voidwash Black,OneSize,AC0001111+_202600,sku
AC0001111S_202600,Aggressive Cushion Voidwash Black,Aggressive Cushion Voidwash Black,AC0001111S,100100,Voidwash Black,S,AC0001111+_202600,sku
AC0001112+_202600,Aggressive Cushion Panic Pink,Aggressive Cushion Panic Pink,AC0001112+,100100,Panic Pink,,AC0015$_202600,article
AC0001112L_202600,Aggressive Cushion Panic Pink,Aggressive Cushion Panic Pink,AC0001112L,100100,Panic Pink,L,AC0001112+_202600,sku
AC0001112XS_202600,Aggressive Cushion Panic Pink,Aggressive Cushion Panic Pink,AC0001112XS,100100,Panic Pink,XS,AC0001112+_202600,sku
RL0016$,Recursive Ladder,,RL0016$,300100,,,,master_model
RL0016$_202600,Recursive Ladder,,RL0016$,300100,,,RL0016$,season
RL0001113+_202600,Recursive Ladder Suspicious Orange,Recursive Ladder Suspicious Orange,RL0001113+,300100,Suspicious Orange,,RL0016$_202600,article
RL0001113XL_202600,Recursive Ladder Suspicious Orange,Recursive Ladder Suspicious Orange,RL0001113XL,300100,Suspicious Orange,XL,RL0001113+_202600,sku
RL0001113OneSize_202600,Recursive Ladder Suspicious Orange,Recursive Ladder Suspicious Orange,RL0001113OneSize,300100,Suspicious Orange,OneSize,RL0001113+_202600,sku
RL0001113S_202600,Recursive Ladder Suspicious Orange,Recursive Ladder Suspicious Orange,RL0001113S,300100,Suspicious Orange,S,RL0001113+_202600,sku
RL0001113L_202600,Recursive Ladder Suspicious Orange,Recursive Ladder Suspicious Orange,RL0001113L,300100,Suspicious Orange,L,RL0001113+_202600,sku
RL0001114+_202600,Recursive Ladder Beige²,Recursive Ladder Beige²,RL0001114+,300100,Beige²,,RL0016$_202600,article
RL0001114L_202600,Recursive Ladder Beige²,Recursive Ladder Beige²,RL0001114L,300100,Beige²,L,RL0001114+_202600,sku
RL0001114OneSize_202600,Recursive Ladder Beige²,Recursive Ladder Beige²,RL0001114OneSize,300100,Beige²,OneSize,RL0001114+_202600,sku
RL0001114XL_202600,Recursive Ladder Beige²,Recursive Ladder Beige²,RL0001114XL,300100,Beige²,XL,RL0001114+_202600,sku
RL000111444_202600,Recursive Ladder Beige²,Recursive Ladder Beige²,RL000111444,300100,Beige²,44,RL0001114+_202600,sku
RL0001115+_202600,Recursive Ladder Mild Mauve,Recursive Ladder Mild Mauve,RL0001115+,300100,Mild Mauve,,RL0016$_202600,article
RL0001115OneSize_202600,Recursive Ladder Mild Mauve,Recursive Ladder Mild Mauve,RL0001115OneSize,300100,Mild Mauve,OneSize,RL0001115+_202600,sku
RL0001116+_202600,Recursive Ladder Mild Mauve,Recursive Ladder Mild Mauve,RL0001116+,300100,Mild Mauve,,RL0016$_202600,article
RL0001116XS_202600,Recursive Ladder Mild Mauve,Recursive Ladder Mild Mauve,RL0001116XS,300100,Mild Mauve,XS,RL0001116+_202600,sku
RL0001117+_202600,Recursive Ladder Existential Teal,Recursive Ladder Existential Teal,RL0001117+,300100,Existential Teal,,RL0016$_202600,article
RL0001117L_202600,Recursive Ladder Existential Teal,Recursive Ladder Existential Teal,RL0001117L,300100,Existential Teal,L,RL0001117+_202600,sku
RL0001118+_202600,Recursive Ladder Voidwash Black,Recursive Ladder Voidwash Black,RL0001118+,300100,Voidwash Black,,RL0016$_202600,article
RL000111842_202600,Recursive Ladder Voidwash Black,Recursive Ladder Voidwash Black,RL000111842,300100,Voidwash Black,42,RL0001118+_202600,sku
RL0001119+_202600,Recursive Ladder Beige²,Recursive Ladder Beige²,RL0001119+,300100,Beige²,,RL0016$_202600,article
RL0001119XL_202600,Recursive Ladder Beige²,Recursive Ladder Beige²,RL0001119XL,300100,Beige²,XL,RL0001119+_202600,sku
RL0001119OneSize_202600,Recursive Ladder Beige²,Recursive Ladder Beige²,RL0001119OneSize,300100,Beige²,OneSize,RL0001119+_202600,sku
RL0001120+_202600,Recursive Ladder Mild Mauve,Recursive Ladder Mild Mauve,RL0001120+,300100,Mild Mauve,,RL0016$_202600,article
RL0001120L_202600,Recursive Ladder Mild Mauve,Recursive Ladder Mild Mauve,RL0001120L,300100,Mild Mauve,L,RL0001120+_202600,sku
RL0001121+_202600,Recursive Ladder Panic Pink,Recursive Ladder Panic Pink,RL0001121+,300100,Panic Pink,,RL0016$_202600,article
RL0001121S_202600,Recursive Ladder Panic Pink,Recursive Ladder Panic Pink,RL0001121S,300100,Panic Pink,S,RL0001121+_202600,sku
RL000112144_202600,Recursive Ladder Panic Pink,Recursive Ladder Panic Pink,RL000112144,300100,Panic Pink,44,RL0001121+_202600,sku
RL0001121XL_202600,Recursive Ladder Panic Pink,Recursive Ladder Panic Pink,RL0001121XL,300100,Panic Pink,XL,RL0001121+_202600,sku
IH0017$,Invisible Highlighter,,IH0017$,200100,,,,master_model
IH0017$_202600,Invisible Highlighter,,IH0017$,200100,,,IH0017$,season
IH0001122+_202600,Invisible Highlighter Ümlaut Grün,Invisible Highlighter Ümlaut Grün,IH0001122+,200100,Ümlaut Grün,,IH0017$_202600,article
IH0001122XL_202600,Invisible Highlighter Ümlaut Grün,Invisible Highlighter Ümlaut Grün,IH0001122XL,200100,Ümlaut Grün,XL,IH0001122+_202600,sku
IH0001123+_202600,Invisible Highlighter Mild Mauve,Invisible Highlighter Mild Mauve,IH0001123+,200100,Mild Mauve,,IH0017$_202600,article
IH000112342_202600,Invisible Highlighter Mild Mauve,Invisible Highlighter Mild Mauve,IH000112342,200100,Mild Mauve,42,IH0001123+_202600,sku
IH0001123M_202600,Invisible Highlighter Mild Mauve,Invisible Highlighter Mild Mauve,IH0001123M,200100,Mild Mauve,M,IH0001123+_202600,sku
IH0001124+_202600,Invisible Highlighter Ümlaut Grün,Invisible Highlighter Ümlaut Grün,IH0001124+,200100,Ümlaut Grün,,IH0017$_202600,article
IH0001124XL_202600,Invisible Highlighter Ümlaut Grün,Invisible Highlighter Ümlaut Grün,IH0001124XL,200100,Ümlaut Grün,XL,IH0001124+_202600,sku
IH000112442_202600,Invisible Highlighter Ümlaut Grün,Invisible Highlighter Ümlaut Grün,IH000112442,200100,Ümlaut Grün,42,IH0001124+_202600,sku
IH0001124OneSize_202600,Invisible Highlighter Ümlaut Grün,Invisible Highlighter Ümlaut Grün,IH0001124OneSize,200100,Ümlaut Grün,OneSize,IH0001124+_202600,sku
IH0001125+_202600,Invisible Highlighter Suspicious Orange,Invisible Highlighter Suspicious Orange,IH0001125+,200100,Suspicious Orange,,IH0017$_202600,article
IH000112544_202600,Invisible Highlighter Suspicious Orange,Invisible Highlighter Suspicious Orange,IH000112544,200100,Suspicious Orange,44,IH0001125+_202600,sku
IH0001125XL_202600,Invisible Highlighter Suspicious Orange,Invisible Highlighter Suspicious Orange,IH0001125XL,200100,Suspicious Orange,XL,IH0001125+_202600,sku
IH0001125M_202600,Invisible Highlighter Suspicious Orange,Invisible Highlighter Suspicious Orange,IH0001125M,200100,Suspicious Orange,M,IH0001125+_202600,sku
IH0001125XS_202600,Invisible Highlighter Suspicious Orange,Invisible Highlighter Suspicious Orange,IH0001125XS,200100,Suspicious Orange,XS,IH0001125+_202600,sku
IH0001126+_202600,Invisible Highlighter Mild Mauve,Invisible Highlighter Mild Mauve,IH0001126+,200100,Mild Mauve,,IH0017$_202600,article
IH0001126S_202600,Invisible Highlighter Mild Mauve,Invisible Highlighter Mild Mauve,IH0001126S,200100,Mild Mauve,S,IH0001126+_202600,sku
IH0001126XL_202600,Invisible Highlighter Mild Mauve,Invisible Highlighter Mild Mauve,IH0001126XL,200100,Mild Mauve,XL,IH0001126+_202600,sku
IH0001126M_202600,Invisible Highlighter Mild Mauve,Invisible Highlighter Mild Mauve,IH0001126M,200100,Mild Mauve,M,IH0001126+_202600,sku
IH0001127+_202600,Invisible Highlighter Beige²,Invisible Highlighter Beige²,IH0001127+,200100,Beige²,,IH0017$_202600,article
IH0001127M_202600,Invisible Highlighter Beige²,Invisible Highlighter Beige²,IH0001127M,200100,Beige²,M,IH0001127+_202600,sku
IH0001127XS_202600,Invisible Highlighter Beige²,Invisible Highlighter Beige²,IH0001127XS,200100,Beige²,XS,IH0001127+_202600,sku
IH0001128+_202600,Invisible Highlighter Suspicious Orange,Invisible Highlighter Suspicious Orange,IH0001128+,200100,Suspicious Orange,,IH0017$_202600,article
IH0001128XL_202600,Invisible Highlighter Suspicious Orange,Invisible Highlighter Suspicious Orange,IH0001128XL,200100,Suspicious Orange,XL,IH0001128+_202600,sku
IH0001128XS_202600,Invisible Highlighter Suspicious Orange,Invisible Highlighter Suspicious Orange,IH0001128XS,200100,Suspicious Orange,XS,IH0001128+_202600,sku
IH000112844_202600,Invisible Highlighter Suspicious Orange,Invisible Highlighter Suspicious Orange,IH000112844,200100,Suspicious Orange,44,IH0001128+_202600,sku
IH0001128OneSize_202600,Invisible Highlighter Suspicious Orange,Invisible Highlighter Suspicious Orange,IH0001128OneSize,200100,Suspicious Orange,OneSize,IH0001128+_202600,sku
IH0001129+_202600,Invisible Highlighter Beige²,Invisible Highlighter Beige²,IH0001129+,200100,Beige²,,IH0017$_202600,article
IH0001129M_202600,Invisible Highlighter Beige²,Invisible Highlighter Beige²,IH0001129M,200100,Beige²,M,IH0001129+_202600,sku
IH0001129XS_202600,Invisible Highlighter Beige²,Invisible Highlighter Beige²,IH0001129XS,200100,Beige²,XS,IH0001129+_202600,sku
IH0001130+_202600,Invisible Highlighter Ümlaut Grün,Invisible Highlighter Ümlaut Grün,IH0001130+,200100,Ümlaut Grün,,IH0017$_202600,article
IH000113044_202600,Invisible Highlighter Ümlaut Grün,Invisible Highlighter Ümlaut Grün,IH000113044,200100,Ümlaut Grün,44,IH0001130+_202600,sku
PT0018$,Procrastination Timer,,PT0018$,100200,,,,master_model
PT0018$_202500,Procrastination Timer,,PT0018$,100200,,,PT0018$,season
PT0001131+_202500,Procrastination Timer Voidwash Black,Procrastination Timer Voidwash Black,PT0001131+,100200,Voidwash Black,,PT0018$_202500,article
PT0001131M_202500,Procrastination Timer Voidwash Black,Procrastination Timer Voidwash Black,PT0001131M,100200,Voidwash Black,M,PT0001131+_202500,sku
PT0001131XL_202500,Procrastination Timer Voidwash Black,Procrastination Timer Voidwash Black,PT0001131XL,100200,Voidwash Black,XL,PT0001131+_202500,sku
PT0001131OneSize_202500,Procrastination Timer Voidwash Black,Procrastination Timer Voidwash Black,PT0001131OneSize,100200,Voidwash Black,OneSize,PT0001131+_202500,sku
PT0001131XS_202500,Procrastination Timer Voidwash Black,Procrastination Timer Voidwash Black,PT0001131XS,100200,Voidwash Black,XS,PT0001131+_202500,sku
PT0001132+_202500,Procrastination Timer Blazing Beige,Procrastination Timer Blazing Beige,PT0001132+,100200,Blazing Beige,,PT0018$_202500,article
PT000113244_202500,Procrastination Timer Blazing Beige,Procrastination Timer Blazing Beige,PT000113244,100200,Blazing Beige,44,PT0001132+_202500,sku
PT000113242_202500,Procrastination Timer Blazing Beige,Procrastination Timer Blazing Beige,PT000113242,100200,Blazing Beige,42,PT0001132+_202500,sku
PT0001132L_202500,Procrastination Timer Blazing Beige,Procrastination Timer Blazing Beige,PT0001132L,100200,Blazing Beige,L,PT0001132+_202500,sku
PT0001132XS_202500,Procrastination Timer Blazing Beige,Procrastination Timer Blazing Beige,PT0001132XS,100200,Blazing Beige,XS,PT0001132+_202500,sku
PT0001133+_202500,Procrastination Timer Blazing Beige,Procrastination Timer Blazing Beige,PT0001133+,100200,Blazing Beige,,PT0018$_202500,article
PT000113342_202500,Procrastination Timer Blazing Beige,Procrastination Timer Blazing Beige,PT000113342,100200,Blazing Beige,42,PT0001133+_202500,sku
PT0001134+_202500,Procrastination Timer Ümlaut Grün,Procrastination Timer Ümlaut Grün,PT0001134+,100200,Ümlaut Grün,,PT0018$_202500,article
PT0001134XL_202500,Procrastination Timer Ümlaut Grün,Procrastination Timer Ümlaut Grün,PT0001134XL,100200,Ümlaut Grün,XL,PT0001134+_202500,sku
PT0001134M_202500,Procrastination Timer Ümlaut Grün,Procrastination Timer Ümlaut Grün,PT0001134M,100200,Ümlaut Grün,M,PT0001134+_202500,sku
PT000113442_202500,Procrastination Timer Ümlaut Grün,Procrastination Timer Ümlaut Grün,PT000113442,100200,Ümlaut Grün,42,PT0001134+_202500,sku
PT0001134S_202500,Procrastination Timer Ümlaut Grün,Procrastination Timer Ümlaut Grün,PT0001134S,100200,Ümlaut Grün,S,PT0001134+_202500,sku
PT0001135+_202500,Procrastination Timer Voidwash Black,Procrastination Timer Voidwash Black,PT0001135+,100200,Voidwash Black,,PT0018$_202500,article
PT000113542_202500,Procrastination Timer Voidwash Black,Procrastination Timer Voidwash Black,PT000113542,100200,Voidwash Black,42,PT0001135+_202500,sku
PT0001135S_202500,Procrastination Timer Voidwash Black,Procrastination Timer Voidwash Black,PT0001135S,100200,Voidwash Black,S,PT0001135+_202500,sku
PT0001136+_202500,Procrastination Timer Ümlaut Grün,Procrastination Timer Ümlaut Grün,PT0001136+,100200,Ümlaut Grün,,PT0018$_202500,article
PT0001136OneSize_202500,Procrastination Timer Ümlaut Grün,Procrastination Timer Ümlaut Grün,PT0001136OneSize,100200,Ümlaut Grün,OneSize,PT0001136+_202500,sku
PT000113644_202500,Procrastination Timer Ümlaut Grün,Procrastination Timer Ümlaut Grün,PT000113644,100200,Ümlaut Grün,44,PT0001136+_202500,sku
PT0001136XL_202500,Procrastination Timer Ümlaut Grün,Procrastination Timer Ümlaut Grün,PT0001136XL,100200,Ümlaut Grün,XL,PT0001136+_202500,sku
PT0001136XS_202500,Procrastination Timer Ümlaut Grün,Procrastination Timer Ümlaut Grün,PT0001136XS,100200,Ümlaut Grün,XS,PT0001136+_202500,sku
PT0001137+_202500,Procrastination Timer Voidwash Black,Procrastination Timer Voidwash Black,PT0001137+,100200,Voidwash Black,,PT0018$_202500,article
PT0001137S_202500,Procrastination Timer Voidwash Black,Procrastination Timer Voidwash Black,PT0001137S,100200,Voidwash Black,S,PT0001137+_202500,sku
PT0001137XL_202500,Procrastination Timer Voidwash Black,Procrastination Timer Voidwash Black,PT0001137XL,100200,Voidwash Black,XL,PT0001137+_202500,sku
PT0001137OneSize_202500,Procrastination Timer Voidwash Black,Procrastination Timer Voidwash Black,PT0001137OneSize,100200,Voidwash Black,OneSize,PT0001137+_202500,sku
PT000113742_202500,Procrastination Timer Voidwash Black,Procrastination Timer Voidwash Black,PT000113742,100200,Voidwash Black,42,PT0001137+_202500,sku
PT0001138+_202500,Procrastination Timer Existential Teal,Procrastination Timer Existential Teal,PT0001138+,100200,Existential Teal,,PT0018$_202500,article
PT0001138M_202500,Procrastination Timer Existential Teal,Procrastination Timer Existential Teal,PT0001138M,100200,Existential Teal,M,PT0001138+_202500,sku
IW0019$,Interpretive Wrench,,IW0019$,100100,,,,master_model
IW0019$_202500,Interpretive Wrench,,IW0019$,100100,,,IW0019$,season
IW0001139+_202500,Interpretive Wrench Existential Teal,Interpretive Wrench Existential Teal,IW0001139+,100100,Existential Teal,,IW0019$_202500,article
IW0001139L_202500,Interpretive Wrench Existential Teal,Interpretive Wrench Existential Teal,IW0001139L,100100,Existential Teal,L,IW0001139+_202500,sku
IW000113944_202500,Interpretive Wrench Existential Teal,Interpretive Wrench Existential Teal,IW000113944,100100,Existential Teal,44,IW0001139+_202500,sku
IW0001139XL_202500,Interpretive Wrench Existential Teal,Interpretive Wrench Existential Teal,IW0001139XL,100100,Existential Teal,XL,IW0001139+_202500,sku
IW0001140+_202500,Interpretive Wrench Existential Teal,Interpretive Wrench Existential Teal,IW0001140+,100100,Existential Teal,,IW0019$_202500,article
IW0001140L_202500,Interpretive Wrench Existential Teal,Interpretive Wrench Existential Teal,IW0001140L,100100,Existential Teal,L,IW0001140+_202500,sku
IW0001140S_202500,Interpretive Wrench Existential Teal,Interpretive Wrench Existential Teal,IW0001140S,100100,Existential Teal,S,IW0001140+_202500,sku
IW0001141+_202500,Interpretive Wrench Suspicious Orange,Interpretive Wrench Suspicious Orange,IW0001141+,100100,Suspicious Orange,,IW0019$_202500,article
IW0001141S_202500,Interpretive Wrench Suspicious Orange,Interpretive Wrench Suspicious Orange,IW0001141S,100100,Suspicious Orange,S,IW0001141+_202500,sku
IW0001141OneSize_202500,Interpretive Wrench Suspicious Orange,Interpretive Wrench Suspicious Orange,IW0001141OneSize,100100,Suspicious Orange,OneSize,IW0001141+_202500,sku
IW0001141XS_202500,Interpretive Wrench Suspicious Orange,Interpretive Wrench Suspicious Orange,IW0001141XS,100100,Suspicious Orange,XS,IW0001141+_202500,sku
IW000114144_202500,Interpretive Wrench Suspicious Orange,Interpretive Wrench Suspicious Orange,IW000114144,100100,Suspicious Orange,44,IW0001141+_202500,sku
IW0001142+_202500,Interpretive Wrench Blazing Beige,Interpretive Wrench Blazing Beige,IW0001142+,100100,Blazing Beige,,IW0019$_202500,article
IW000114242_202500,Interpretive Wrench Blazing Beige,Interpretive Wrench Blazing Beige,IW000114242,100100,Blazing Beige,42,IW0001142+_202500,sku
IW000114244_202500,Interpretive Wrench Blazing Beige,Interpretive Wrench Blazing Beige,IW000114244,100100,Blazing Beige,44,IW0001142+_202500,sku
IW0001142XL_202500,Interpretive Wrench Blazing Beige,Interpretive Wrench Blazing Beige,IW0001142XL,100100,Blazing Beige,XL,IW0001142+_202500,sku
IW0001143+_202500,Interpretive Wrench Radioactive Sage,Interpretive Wrench Radioactive Sage,IW0001143+,100100,Radioactive Sage,,IW0019$_202500,article
IW000114342_202500,Interpretive Wrench Radioactive Sage,Interpretive Wrench Radioactive Sage,IW000114342,100100,Radioactive Sage,42,IW0001143+_202500,sku
HF0020$,Haunted Fondue Set,,HF0020$,200100,,,,master_model
HF0020$_202500,Haunted Fondue Set,,HF0020$,200100,,,HF0020$,season
HF0001144+_202500,Haunted Fondue Set Blazing Beige,Haunted Fondue Set Blazing Beige,HF0001144+,200100,Blazing Beige,,HF0020$_202500,article
HF0001144XL_202500,Haunted Fondue Set Blazing Beige,Haunted Fondue Set Blazing Beige,HF0001144XL,200100,Blazing Beige,XL,HF0001144+_202500,sku
HF000114444_202500,Haunted Fondue Set Blazing Beige,Haunted Fondue Set Blazing Beige,HF000114444,200100,Blazing Beige,44,HF0001144+_202500,sku
HF0001145+_202500,Haunted Fondue Set Panic Pink,Haunted Fondue Set Panic Pink,HF0001145+,200100,Panic Pink,,HF0020$_202500,article
HF000114542_202500,Haunted Fondue Set Panic Pink,Haunted Fondue Set Panic Pink,HF000114542,200100,Panic Pink,42,HF0001145+_202500,sku
HF000114544_202500,Haunted Fondue Set Panic Pink,Haunted Fondue Set Panic Pink,HF000114544,200100,Panic Pink,44,HF0001145+_202500,sku
HF0001145XL_202500,Haunted Fondue Set Panic Pink,Haunted Fondue Set Panic Pink,HF0001145XL,200100,Panic Pink,XL,HF0001145+_202500,sku
HF0001145M_202500,Haunted Fondue Set Panic Pink,Haunted Fondue Set Panic Pink,HF0001145M,200100,Panic Pink,M,HF0001145+_202500,sku
HF0001146+_202500,Haunted Fondue Set Panic Pink,Haunted Fondue Set Panic Pink,HF0001146+,200100,Panic Pink,,HF0020$_202500,article
HF0001146S_202500,Haunted Fondue Set Panic Pink,Haunted Fondue Set Panic Pink,HF0001146S,200100,Panic Pink,S,HF0001146+_202500,sku
HF0001147+_202500,Haunted Fondue Set Existential Teal,Haunted Fondue Set Existential Teal,HF0001147+,200100,Existential Teal,,HF0020$_202500,article
HF000114744_202500,Haunted Fondue Set Existential Teal,Haunted Fondue Set Existential Teal,HF000114744,200100,Existential Teal,44,HF0001147+_202500,sku
HF000114742_202500,Haunted Fondue Set Existential Teal,Haunted Fondue Set Existential Teal,HF000114742,200100,Existential Teal,42,HF0001147+_202500,sku
HF0001147XS_202500,Haunted Fondue Set Existential Teal,Haunted Fondue Set Existential Teal,HF0001147XS,200100,Existential Teal,XS,HF0001147+_202500,sku
HF0001147L_202500,Haunted Fondue Set Existential Teal,Haunted Fondue Set Existential Teal,HF0001147L,200100,Existential Teal,L,HF0001147+_202500,sku
HF0001148+_202500,Haunted Fondue Set Ümlaut Grün,Haunted Fondue Set Ümlaut Grün,HF0001148+,200100,Ümlaut Grün,,HF0020$_202500,article
HF000114844_202500,Haunted Fondue Set Ümlaut Grün,Haunted Fondue Set Ümlaut Grün,HF000114844,200100,Ümlaut Grün,44,HF0001148+_202500,sku
HF000114842_202500,Haunted Fondue Set Ümlaut Grün,Haunted Fondue Set Ümlaut Grün,HF000114842,200100,Ümlaut Grün,42,HF0001148+_202500,sku
HF0001149+_202500,Haunted Fondue Set Blazing Beige,Haunted Fondue Set Blazing Beige,HF0001149+,200100,Blazing Beige,,HF0020$_202500,article
HF000114942_202500,Haunted Fondue Set Blazing Beige,Haunted Fondue Set Blazing Beige,HF000114942,200100,Blazing Beige,42,HF0001149+_202500,sku
HF0001149XL_202500,Haunted Fondue Set Blazing Beige,Haunted Fondue Set Blazing Beige,HF0001149XL,200100,Blazing Beige,XL,HF0001149+_202500,sku
HF0001149S_202500,Haunted Fondue Set Blazing Beige,Haunted Fondue Set Blazing Beige,HF0001149S,200100,Blazing Beige,S,HF0001149+_202500,sku
HF0001150+_202500,Haunted Fondue Set Suspicious Orange,Haunted Fondue Set Suspicious Orange,HF0001150+,200100,Suspicious Orange,,HF0020$_202500,article
HF0001150M_202500,Haunted Fondue Set Suspicious Orange,Haunted Fondue Set Suspicious Orange,HF0001150M,200100,Suspicious Orange,M,HF0001150+_202500,sku
HF0001150OneSize_202500,Haunted Fondue Set Suspicious Orange,Haunted Fondue Set Suspicious Orange,HF0001150OneSize,200100,Suspicious Orange,OneSize,HF0001150+_202500,sku
HF0001151+_202500,Haunted Fondue Set Panic Pink,Haunted Fondue Set Panic Pink,HF0001151+,200100,Panic Pink,,HF0020$_202500,article
HF0001151L_202500,Haunted Fondue Set Panic Pink,Haunted Fondue Set Panic Pink,HF0001151L,200100,Panic Pink,L,HF0001151+_202500,sku
HF000115142_202500,Haunted Fondue Set Panic Pink,Haunted Fondue Set Panic Pink,HF000115142,200100,Panic Pink,42,HF0001151+_202500,sku
AS0021$,Ambivalent Snorkel,,AS0021$,100100,,,,master_model
AS0021$_202500,Ambivalent Snorkel,,AS0021$,100100,,,AS0021$,season
AS0001152+_202500,Ambivalent Snorkel Voidwash Black,Ambivalent Snorkel Voidwash Black,AS0001152+,100100,Voidwash Black,,AS0021$_202500,article
AS0001152M_202500,Ambivalent Snorkel Voidwash Black,Ambivalent Snorkel Voidwash Black,AS0001152M,100100,Voidwash Black,M,AS0001152+_202500,sku
AS0001152S_202500,Ambivalent Snorkel Voidwash Black,Ambivalent Snorkel Voidwash Black,AS0001152S,100100,Voidwash Black,S,AS0001152+_202500,sku
AS0001152OneSize_202500,Ambivalent Snorkel Voidwash Black,Ambivalent Snorkel Voidwash Black,AS0001152OneSize,100100,Voidwash Black,OneSize,AS0001152+_202500,sku
AS000115242_202500,Ambivalent Snorkel Voidwash Black,Ambivalent Snorkel Voidwash Black,AS000115242,100100,Voidwash Black,42,AS0001152+_202500,sku
AS0001153+_202500,Ambivalent Snorkel Radioactive Sage,Ambivalent Snorkel Radioactive Sage,AS0001153+,100100,Radioactive Sage,,AS0021$_202500,article
AS0001153XS_202500,Ambivalent Snorkel Radioactive Sage,Ambivalent Snorkel Radioactive Sage,AS0001153XS,100100,Radioactive Sage,XS,AS0001153+_202500,sku
AS0001153OneSize_202500,Ambivalent Snorkel Radioactive Sage,Ambivalent Snorkel Radioactive Sage,AS0001153OneSize,100100,Radioactive Sage,OneSize,AS0001153+_202500,sku
AS0001153L_202500,Ambivalent Snorkel Radioactive Sage,Ambivalent Snorkel Radioactive Sage,AS0001153L,100100,Radioactive Sage,L,AS0001153+_202500,sku
AS000115342_202500,Ambivalent Snorkel Radioactive Sage,Ambivalent Snorkel Radioactive Sage,AS000115342,100100,Radioactive Sage,42,AS0001153+_202500,sku
AS0001154+_202500,Ambivalent Snorkel Radioactive Sage,Ambivalent Snorkel Radioactive Sage,AS0001154+,100100,Radioactive Sage,,AS0021$_202500,article
AS0001154L_202500,Ambivalent Snorkel Radioactive Sage,Ambivalent Snorkel Radioactive Sage,AS0001154L,100100,Radioactive Sage,L,AS0001154+_202500,sku
AS0001155+_202500,Ambivalent Snorkel Voidwash Black,Ambivalent Snorkel Voidwash Black,AS0001155+,100100,Voidwash Black,,AS0021$_202500,article
AS0001155M_202500,Ambivalent Snorkel Voidwash Black,Ambivalent Snorkel Voidwash Black,AS0001155M,100100,Voidwash Black,M,AS0001155+_202500,sku
AS000115542_202500,Ambivalent Snorkel Voidwash Black,Ambivalent Snorkel Voidwash Black,AS000115542,100100,Voidwash Black,42,AS0001155+_202500,sku
AS0001156+_202500,Ambivalent Snorkel Voidwash Black,Ambivalent Snorkel Voidwash Black,AS0001156+,100100,Voidwash Black,,AS0021$_202500,article
AS0001156M_202500,Ambivalent Snorkel Voidwash Black,Ambivalent Snorkel Voidwash Black,AS0001156M,100100,Voidwash Black,M,AS0001156+_202500,sku
AS0001156OneSize_202500,Ambivalent Snorkel Voidwash Black,Ambivalent Snorkel Voidwash Black,AS0001156OneSize,100100,Voidwash Black,OneSize,AS0001156+_202500,sku
AS0001156L_202500,Ambivalent Snorkel Voidwash Black,Ambivalent Snorkel Voidwash Black,AS0001156L,100100,Voidwash Black,L,AS0001156+_202500,sku
AS000115642_202500,Ambivalent Snorkel Voidwash Black,Ambivalent Snorkel Voidwash Black,AS000115642,100100,Voidwash Black,42,AS0001156+_202500,sku
SB0022$,Suspicious Beanbag,,SB0022$,100200,,,,master_model
SB0022$_202600,Suspicious Beanbag,,SB0022$,100200,,,SB0022$,season
SB0001157+_202600,Suspicious Beanbag Radioactive Sage,Suspicious Beanbag Radioactive Sage,SB0001157+,100200,Radioactive Sage,,SB0022$_202600,article
SB0001157S_202600,Suspicious Beanbag Radioactive Sage,Suspicious Beanbag Radioactive Sage,SB0001157S,100200,Radioactive Sage,S,SB0001157+_202600,sku
SB0001157XS_202600,Suspicious Beanbag Radioactive Sage,Suspicious Beanbag Radioactive Sage,SB0001157XS,100200,Radioactive Sage,XS,SB0001157+_202600,sku
SB0001157M_202600,Suspicious Beanbag Radioactive Sage,Suspicious Beanbag Radioactive Sage,SB0001157M,100200,Radioactive Sage,M,SB0001157+_202600,sku
SB0001157XL_202600,Suspicious Beanbag Radioactive Sage,Suspicious Beanbag Radioactive Sage,SB0001157XL,100200,Radioactive Sage,XL,SB0001157+_202600,sku
SB0001158+_202600,Suspicious Beanbag Beige²,Suspicious Beanbag Beige²,SB0001158+,100200,Beige²,,SB0022$_202600,article
SB0001158OneSize_202600,Suspicious Beanbag Beige²,Suspicious Beanbag Beige²,SB0001158OneSize,100200,Beige²,OneSize,SB0001158+_202600,sku
SB0001158XL_202600,Suspicious Beanbag Beige²,Suspicious Beanbag Beige²,SB0001158XL,100200,Beige²,XL,SB0001158+_202600,sku
SB0001159+_202600,Suspicious Beanbag Mild Mauve,Suspicious Beanbag Mild Mauve,SB0001159+,100200,Mild Mauve,,SB0022$_202600,article
SB000115944_202600,Suspicious Beanbag Mild Mauve,Suspicious Beanbag Mild Mauve,SB000115944,100200,Mild Mauve,44,SB0001159+_202600,sku
SB000115942_202600,Suspicious Beanbag Mild Mauve,Suspicious Beanbag Mild Mauve,SB000115942,100200,Mild Mauve,42,SB0001159+_202600,sku
SB0001159L_202600,Suspicious Beanbag Mild Mauve,Suspicious Beanbag Mild Mauve,SB0001159L,100200,Mild Mauve,L,SB0001159+_202600,sku
SB0001160+_202600,Suspicious Beanbag Mild Mauve,Suspicious Beanbag Mild Mauve,SB0001160+,100200,Mild Mauve,,SB0022$_202600,article
SB0001160XL_202600,Suspicious Beanbag Mild Mauve,Suspicious Beanbag Mild Mauve,SB0001160XL,100200,Mild Mauve,XL,SB0001160+_202600,sku
SB0001161+_202600,Suspicious Beanbag Mild Mauve,Suspicious Beanbag Mild Mauve,SB0001161+,100200,Mild Mauve,,SB0022$_202600,article
SB0001161S_202600,Suspicious Beanbag Mild Mauve,Suspicious Beanbag Mild Mauve,SB0001161S,100200,Mild Mauve,S,SB0001161+_202600,sku
SB0001161OneSize_202600,Suspicious Beanbag Mild Mauve,Suspicious Beanbag Mild Mauve,SB0001161OneSize,100200,Mild Mauve,OneSize,SB0001161+_202600,sku
SB0001161M_202600,Suspicious Beanbag Mild Mauve,Suspicious Beanbag Mild Mauve,SB0001161M,100200,Mild Mauve,M,SB0001161+_202600,sku
ED0023$,Elastic Doorknob,,ED0023$,300100,,,,master_model
ED0023$_202600,Elastic Doorknob,,ED0023$,300100,,,ED0023$,season
ED0001162+_202600,Elastic Doorknob Panic Pink,Elastic Doorknob Panic Pink,ED0001162+,300100,Panic Pink,,ED0023$_202600,article
ED0001162S_202600,Elastic Doorknob Panic Pink,Elastic Doorknob Panic Pink,ED0001162S,300100,Panic Pink,S,ED0001162+_202600,sku
ED000116244_202600,Elastic Doorknob Panic Pink,Elastic Doorknob Panic Pink,ED000116244,300100,Panic Pink,44,ED0001162+_202600,sku
ED0001163+_202600,Elastic Doorknob Panic Pink,Elastic Doorknob Panic Pink,ED0001163+,300100,Panic Pink,,ED0023$_202600,article
ED000116344_202600,Elastic Doorknob Panic Pink,Elastic Doorknob Panic Pink,ED000116344,300100,Panic Pink,44,ED0001163+_202600,sku
ED0001163L_202600,Elastic Doorknob Panic Pink,Elastic Doorknob Panic Pink,ED0001163L,300100,Panic Pink,L,ED0001163+_202600,sku
ED0001163M_202600,Elastic Doorknob Panic Pink,Elastic Doorknob Panic Pink,ED0001163M,300100,Panic Pink,M,ED0001163+_202600,sku
ED0001164+_202600,Elastic Doorknob Voidwash Black,Elastic Doorknob Voidwash Black,ED0001164+,300100,Voidwash Black,,ED0023$_202600,article
ED000116444_202600,Elastic Doorknob Voidwash Black,Elastic Doorknob Voidwash Black,ED000116444,300100,Voidwash Black,44,ED0001164+_202600,sku
ED000116442_202600,Elastic Doorknob Voidwash Black,Elastic Doorknob Voidwash Black,ED000116442,300100,Voidwash Black,42,ED0001164+_202600,sku
ED0001164M_202600,Elastic Doorknob Voidwash Black,Elastic Doorknob Voidwash Black,ED0001164M,300100,Voidwash Black,M,ED0001164+_202600,sku
ED0001165+_202600,Elastic Doorknob Mild Mauve,Elastic Doorknob Mild Mauve,ED0001165+,300100,Mild Mauve,,ED0023$_202600,article
ED0001165XL_202600,Elastic Doorknob Mild Mauve,Elastic Doorknob Mild Mauve,ED0001165XL,300100,Mild Mauve,XL,ED0001165+_202600,sku
ED0001165M_202600,Elastic Doorknob Mild Mauve,Elastic Doorknob Mild Mauve,ED0001165M,300100,Mild Mauve,M,ED0001165+_202600,sku
ED0001166+_202600,Elastic Doorknob Suspicious Orange,Elastic Doorknob Suspicious Orange,ED0001166+,300100,Suspicious Orange,,ED0023$_202600,article
ED0001166XS_202600,Elastic Doorknob Suspicious Orange,Elastic Doorknob Suspicious Orange,ED0001166XS,300100,Suspicious Orange,XS,ED0001166+_202600,sku
ED0001166OneSize_202600,Elastic Doorknob Suspicious Orange,Elastic Doorknob Suspicious Orange,ED0001166OneSize,300100,Suspicious Orange,OneSize,ED0001166+_202600,sku
ED0001166XL_202600,Elastic Doorknob Suspicious Orange,Elastic Doorknob Suspicious Orange,ED0001166XL,300100,Suspicious Orange,XL,ED0001166+_202600,sku
ED0001166M_202600,Elastic Doorknob Suspicious Orange,Elastic Doorknob Suspicious Orange,ED0001166M,300100,Suspicious Orange,M,ED0001166+_202600,sku
ED0001167+_202600,Elastic Doorknob Blazing Beige,Elastic Doorknob Blazing Beige,ED0001167+,300100,Blazing Beige,,ED0023$_202600,article
ED0001167S_202600,Elastic Doorknob Blazing Beige,Elastic Doorknob Blazing Beige,ED0001167S,300100,Blazing Beige,S,ED0001167+_202600,sku
ED000116742_202600,Elastic Doorknob Blazing Beige,Elastic Doorknob Blazing Beige,ED000116742,300100,Blazing Beige,42,ED0001167+_202600,sku
NF0024$,Nostalgic Flashlight,,NF0024$,300100,,,,master_model
NF0024$_202600,Nostalgic Flashlight,,NF0024$,300100,,,NF0024$,season
NF0001168+_202600,Nostalgic Flashlight Voidwash Black,Nostalgic Flashlight Voidwash Black,NF0001168+,300100,Voidwash Black,,NF0024$_202600,article
NF0001168M_202600,Nostalgic Flashlight Voidwash Black,Nostalgic Flashlight Voidwash Black,NF0001168M,300100,Voidwash Black,M,NF0001168+_202600,sku
NF0001168XL_202600,Nostalgic Flashlight Voidwash Black,Nostalgic Flashlight Voidwash Black,NF0001168XL,300100,Voidwash Black,XL,NF0001168+_202600,sku
NF000116842_202600,Nostalgic Flashlight Voidwash Black,Nostalgic Flashlight Voidwash Black,NF000116842,300100,Voidwash Black,42,NF0001168+_202600,sku
NF000116844_202600,Nostalgic Flashlight Voidwash Black,Nostalgic Flashlight Voidwash Black,NF000116844,300100,Voidwash Black,44,NF0001168+_202600,sku
NF0001169+_202600,Nostalgic Flashlight Suspicious Orange,Nostalgic Flashlight Suspicious Orange,NF0001169+,300100,Suspicious Orange,,NF0024$_202600,article
NF0001169OneSize_202600,Nostalgic Flashlight Suspicious Orange,Nostalgic Flashlight Suspicious Orange,NF0001169OneSize,300100,Suspicious Orange,OneSize,NF0001169+_202600,sku
NF000116942_202600,Nostalgic Flashlight Suspicious Orange,Nostalgic Flashlight Suspicious Orange,NF000116942,300100,Suspicious Orange,42,NF0001169+_202600,sku
NF0001170+_202600,Nostalgic Flashlight Existential Teal,Nostalgic Flashlight Existential Teal,NF0001170+,300100,Existential Teal,,NF0024$_202600,article
NF000117044_202600,Nostalgic Flashlight Existential Teal,Nostalgic Flashlight Existential Teal,NF000117044,300100,Existential Teal,44,NF0001170+_202600,sku
NF0001170S_202600,Nostalgic Flashlight Existential Teal,Nostalgic Flashlight Existential Teal,NF0001170S,300100,Existential Teal,S,NF0001170+_202600,sku
NF0001170OneSize_202600,Nostalgic Flashlight Existential Teal,Nostalgic Flashlight Existential Teal,NF0001170OneSize,300100,Existential Teal,OneSize,NF0001170+_202600,sku
NF0001171+_202600,Nostalgic Flashlight Voidwash Black,Nostalgic Flashlight Voidwash Black,NF0001171+,300100,Voidwash Black,,NF0024$_202600,article
NF0001171M_202600,Nostalgic Flashlight Voidwash Black,Nostalgic Flashlight Voidwash Black,NF0001171M,300100,Voidwash Black,M,NF0001171+_202600,sku
NF0001171XL_202600,Nostalgic Flashlight Voidwash Black,Nostalgic Flashlight Voidwash Black,NF0001171XL,300100,Voidwash Black,XL,NF0001171+_202600,sku
NF000117144_202600,Nostalgic Flashlight Voidwash Black,Nostalgic Flashlight Voidwash Black,NF000117144,300100,Voidwash Black,44,NF0001171+_202600,sku
NF0001171XS_202600,Nostalgic Flashlight Voidwash Black,Nostalgic Flashlight Voidwash Black,NF0001171XS,300100,Voidwash Black,XS,NF0001171+_202600,sku
NF0001172+_202600,Nostalgic Flashlight Beige²,Nostalgic Flashlight Beige²,NF0001172+,300100,Beige²,,NF0024$_202600,article
NF000117244_202600,Nostalgic Flashlight Beige²,Nostalgic Flashlight Beige²,NF000117244,300100,Beige²,44,NF0001172+_202600,sku
NF0001172L_202600,Nostalgic Flashlight Beige²,Nostalgic Flashlight Beige²,NF0001172L,300100,Beige²,L,NF0001172+_202600,sku
NF000117242_202600,Nostalgic Flashlight Beige²,Nostalgic Flashlight Beige²,NF000117242,300100,Beige²,42,NF0001172+_202600,sku
NF0001173+_202600,Nostalgic Flashlight Mild Mauve,Nostalgic Flashlight Mild Mauve,NF0001173+,300100,Mild Mauve,,NF0024$_202600,article
NF0001173XS_202600,Nostalgic Flashlight Mild Mauve,Nostalgic Flashlight Mild Mauve,NF0001173XS,300100,Mild Mauve,XS,NF0001173+_202600,sku
DC0025$,Diplomatic Chainsaw,,DC0025$,300100,,,,master_model
DC0025$_202600,Diplomatic Chainsaw,,DC0025$,300100,,,DC0025$,season
DC0001174+_202600,Diplomatic Chainsaw Blazing Beige,Diplomatic Chainsaw Blazing Beige,DC0001174+,300100,Blazing Beige,,DC0025$_202600,article
DC000117444_202600,Diplomatic Chainsaw Blazing Beige,Diplomatic Chainsaw Blazing Beige,DC000117444,300100,Blazing Beige,44,DC0001174+_202600,sku
DC000117442_202600,Diplomatic Chainsaw Blazing Beige,Diplomatic Chainsaw Blazing Beige,DC000117442,300100,Blazing Beige,42,DC0001174+_202600,sku
DC0001175+_202600,Diplomatic Chainsaw Ümlaut Grün,Diplomatic Chainsaw Ümlaut Grün,DC0001175+,300100,Ümlaut Grün,,DC0025$_202600,article
DC0001175XL_202600,Diplomatic Chainsaw Ümlaut Grün,Diplomatic Chainsaw Ümlaut Grün,DC0001175XL,300100,Ümlaut Grün,XL,DC0001175+_202600,sku
DC0001175L_202600,Diplomatic Chainsaw Ümlaut Grün,Diplomatic Chainsaw Ümlaut Grün,DC0001175L,300100,Ümlaut Grün,L,DC0001175+_202600,sku
DC0001176+_202600,Diplomatic Chainsaw Beige²,Diplomatic Chainsaw Beige²,DC0001176+,300100,Beige²,,DC0025$_202600,article
DC000117642_202600,Diplomatic Chainsaw Beige²,Diplomatic Chainsaw Beige²,DC000117642,300100,Beige²,42,DC0001176+_202600,sku
DC0001176XL_202600,Diplomatic Chainsaw Beige²,Diplomatic Chainsaw Beige²,DC0001176XL,300100,Beige²,XL,DC0001176+_202600,sku
DC0001176M_202600,Diplomatic Chainsaw Beige²,Diplomatic Chainsaw Beige²,DC0001176M,300100,Beige²,M,DC0001176+_202600,sku
DC000117644_202600,Diplomatic Chainsaw Beige²,Diplomatic Chainsaw Beige²,DC000117644,300100,Beige²,44,DC0001176+_202600,sku
DC0001177+_202600,Diplomatic Chainsaw Suspicious Orange,Diplomatic Chainsaw Suspicious Orange,DC0001177+,300100,Suspicious Orange,,DC0025$_202600,article
DC0001177S_202600,Diplomatic Chainsaw Suspicious Orange,Diplomatic Chainsaw Suspicious Orange,DC0001177S,300100,Suspicious Orange,S,DC0001177+_202600,sku
DC000117744_202600,Diplomatic Chainsaw Suspicious Orange,Diplomatic Chainsaw Suspicious Orange,DC000117744,300100,Suspicious Orange,44,DC0001177+_202600,sku
DC0001178+_202600,Diplomatic Chainsaw Radioactive Sage,Diplomatic Chainsaw Radioactive Sage,DC0001178+,300100,Radioactive Sage,,DC0025$_202600,article
DC0001178S_202600,Diplomatic Chainsaw Radioactive Sage,Diplomatic Chainsaw Radioactive Sage,DC0001178S,300100,Radioactive Sage,S,DC0001178+_202600,sku
DC0001178XS_202600,Diplomatic Chainsaw Radioactive Sage,Diplomatic Chainsaw Radioactive Sage,DC0001178XS,300100,Radioactive Sage,XS,DC0001178+_202600,sku
DC000117844_202600,Diplomatic Chainsaw Radioactive Sage,Diplomatic Chainsaw Radioactive Sage,DC000117844,300100,Radioactive Sage,44,DC0001178+_202600,sku
DC0001179+_202600,Diplomatic Chainsaw Ümlaut Grün,Diplomatic Chainsaw Ümlaut Grün,DC0001179+,300100,Ümlaut Grün,,DC0025$_202600,article
DC0001179M_202600,Diplomatic Chainsaw Ümlaut Grün,Diplomatic Chainsaw Ümlaut Grün,DC0001179M,300100,Ümlaut Grün,M,DC0001179+_202600,sku
DC000117942_202600,Diplomatic Chainsaw Ümlaut Grün,Diplomatic Chainsaw Ümlaut Grün,DC000117942,300100,Ümlaut Grün,42,DC0001179+_202600,sku
DC000117944_202600,Diplomatic Chainsaw Ümlaut Grün,Diplomatic Chainsaw Ümlaut Grün,DC000117944,300100,Ümlaut Grün,44,DC0001179+_202600,sku
DC0001179XL_202600,Diplomatic Chainsaw Ümlaut Grün,Diplomatic Chainsaw Ümlaut Grün,DC0001179XL,300100,Ümlaut Grün,XL,DC0001179+_202600,sku
VC0026$,Vegan Crowbar,,VC0026$,100200,,,,master_model
VC0026$_202500,Vegan Crowbar,,VC0026$,100200,,,VC0026$,season
VC0001180+_202500,Vegan Crowbar Blazing Beige,Vegan Crowbar Blazing Beige,VC0001180+,100200,Blazing Beige,,VC0026$_202500,article
VC0001180S_202500,Vegan Crowbar Blazing Beige,Vegan Crowbar Blazing Beige,VC0001180S,100200,Blazing Beige,S,VC0001180+_202500,sku
VC000118042_202500,Vegan Crowbar Blazing Beige,Vegan Crowbar Blazing Beige,VC000118042,100200,Blazing Beige,42,VC0001180+_202500,sku
VC0001180XS_202500,Vegan Crowbar Blazing Beige,Vegan Crowbar Blazing Beige,VC0001180XS,100200,Blazing Beige,XS,VC0001180+_202500,sku
VC0001180M_202500,Vegan Crowbar Blazing Beige,Vegan Crowbar Blazing Beige,VC0001180M,100200,Blazing Beige,M,VC0001180+_202500,sku
VC0001181+_202500,Vegan Crowbar Panic Pink,Vegan Crowbar Panic Pink,VC0001181+,100200,Panic Pink,,VC0026$_202500,article
VC0001181XS_202500,Vegan Crowbar Panic Pink,Vegan Crowbar Panic Pink,VC0001181XS,100200,Panic Pink,XS,VC0001181+_202500,sku
VC0001181M_202500,Vegan Crowbar Panic Pink,Vegan Crowbar Panic Pink,VC0001181M,100200,Panic Pink,M,VC0001181+_202500,sku
VC0001181OneSize_202500,Vegan Crowbar Panic Pink,Vegan Crowbar Panic Pink,VC0001181OneSize,100200,Panic Pink,OneSize,VC0001181+_202500,sku
VC0001181L_202500,Vegan Crowbar Panic Pink,Vegan Crowbar Panic Pink,VC0001181L,100200,Panic Pink,L,VC0001181+_202500,sku
VC0001182+_202500,Vegan Crowbar Existential Teal,Vegan Crowbar Existential Teal,VC0001182+,100200,Existential Teal,,VC0026$_202500,article
VC000118244_202500,Vegan Crowbar Existential Teal,Vegan Crowbar Existential Teal,VC000118244,100200,Existential Teal,44,VC0001182+_202500,sku
VC0001182L_202500,Vegan Crowbar Existential Teal,Vegan Crowbar Existential Teal,VC0001182L,100200,Existential Teal,L,VC0001182+_202500,sku
VC0001182XS_202500,Vegan Crowbar Existential Teal,Vegan Crowbar Existential Teal,VC0001182XS,100200,Existential Teal,XS,VC0001182+_202500,sku
VC000118242_202500,Vegan Crowbar Existential Teal,Vegan Crowbar Existential Teal,VC000118242,100200,Existential Teal,42,VC0001182+_202500,sku
VC0001183+_202500,Vegan Crowbar Radioactive Sage,Vegan Crowbar Radioactive Sage,VC0001183+,100200,Radioactive Sage,,VC0026$_202500,article
VC0001183S_202500,Vegan Crowbar Radioactive Sage,Vegan Crowbar Radioactive Sage,VC0001183S,100200,Radioactive Sage,S,VC0001183+_202500,sku
VC0001184+_202500,Vegan Crowbar Existential Teal,Vegan Crowbar Existential Teal,VC0001184+,100200,Existential Teal,,VC0026$_202500,article
VC0001184L_202500,Vegan Crowbar Existential Teal,Vegan Crowbar Existential Teal,VC0001184L,100200,Existential Teal,L,VC0001184+_202500,sku
VC0001185+_202500,Vegan Crowbar Panic Pink,Vegan Crowbar Panic Pink,VC0001185+,100200,Panic Pink,,VC0026$_202500,article
VC000118542_202500,Vegan Crowbar Panic Pink,Vegan Crowbar Panic Pink,VC000118542,100200,Panic Pink,42,VC0001185+_202500,sku
IM0027$,Introverted Megaphone,,IM0027$,300100,,,,master_model
IM0027$_202600,Introverted Megaphone,,IM0027$,300100,,,IM0027$,season
IM0001186+_202600,Introverted Megaphone Blazing Beige,Introverted Megaphone Blazing Beige,IM0001186+,300100,Blazing Beige,,IM0027$_202600,article
IM0001186XS_202600,Introverted Megaphone Blazing Beige,Introverted Megaphone Blazing Beige,IM0001186XS,300100,Blazing Beige,XS,IM0001186+_202600,sku
IM0001187+_202600,Introverted Megaphone Existential Teal,Introverted Megaphone Existential Teal,IM0001187+,300100,Existential Teal,,IM0027$_202600,article
IM0001187XL_202600,Introverted Megaphone Existential Teal,Introverted Megaphone Existential Teal,IM0001187XL,300100,Existential Teal,XL,IM0001187+_202600,sku
IM0001187M_202600,Introverted Megaphone Existential Teal,Introverted Megaphone Existential Teal,IM0001187M,300100,Existential Teal,M,IM0001187+_202600,sku
IM000118742_202600,Introverted Megaphone Existential Teal,Introverted Megaphone Existential Teal,IM000118742,300100,Existential Teal,42,IM0001187+_202600,sku
IM0001187OneSize_202600,Introverted Megaphone Existential Teal,Introverted Megaphone Existential Teal,IM0001187OneSize,300100,Existential Teal,OneSize,IM0001187+_202600,sku
IM0001188+_202600,Introverted Megaphone Beige²,Introverted Megaphone Beige²,IM0001188+,300100,Beige²,,IM0027$_202600,article
IM0001188M_202600,Introverted Megaphone Beige²,Introverted Megaphone Beige²,IM0001188M,300100,Beige²,M,IM0001188+_202600,sku
IM0001188S_202600,Introverted Megaphone Beige²,Introverted Megaphone Beige²,IM0001188S,300100,Beige²,S,IM0001188+_202600,sku
IM0001188XS_202600,Introverted Megaphone Beige²,Introverted Megaphone Beige²,IM0001188XS,300100,Beige²,XS,IM0001188+_202600,sku
IM0001188OneSize_202600,Introverted Megaphone Beige²,Introverted Megaphone Beige²,IM0001188OneSize,300100,Beige²,OneSize,IM0001188+_202600,sku
IM0001189+_202600,Introverted Megaphone Beige²,Introverted Megaphone Beige²,IM0001189+,300100,Beige²,,IM0027$_202600,article
IM000118942_202600,Introverted Megaphone Beige²,Introverted Megaphone Beige²,IM000118942,300100,Beige²,42,IM0001189+_202600,sku
IM0001189M_202600,Introverted Megaphone Beige²,Introverted Megaphone Beige²,IM0001189M,300100,Beige²,M,IM0001189+_202600,sku
IM000118944_202600,Introverted Megaphone Beige²,Introverted Megaphone Beige²,IM000118944,300100,Beige²,44,IM0001189+_202600,sku
IM0001190+_202600,Introverted Megaphone Mild Mauve,Introverted Megaphone Mild Mauve,IM0001190+,300100,Mild Mauve,,IM0027$_202600,article
IM0001190M_202600,Introverted Megaphone Mild Mauve,Introverted Megaphone Mild Mauve,IM0001190M,300100,Mild Mauve,M,IM0001190+_202600,sku
IM0001191+_202600,Introverted Megaphone Radioactive Sage,Introverted Megaphone Radioactive Sage,IM0001191+,300100,Radioactive Sage,,IM0027$_202600,article
IM0001191OneSize_202600,Introverted Megaphone Radioactive Sage,Introverted Megaphone Radioactive Sage,IM0001191OneSize,300100,Radioactive Sage,OneSize,IM0001191+_202600,sku
IM0001191M_202600,Introverted Megaphone Radioactive Sage,Introverted Megaphone Radioactive Sage,IM0001191M,300100,Radioactive Sage,M,IM0001191+_202600,sku
IM0001192+_202600,Introverted Megaphone Blazing Beige,Introverted Megaphone Blazing Beige,IM0001192+,300100,Blazing Beige,,IM0027$_202600,article
IM0001192M_202600,Introverted Megaphone Blazing Beige,Introverted Megaphone Blazing Beige,IM0001192M,300100,Blazing Beige,M,IM0001192+_202600,sku
IM000119244_202600,Introverted Megaphone Blazing Beige,Introverted Megaphone Blazing Beige,IM000119244,300100,Blazing Beige,44,IM0001192+_202600,sku
IM0001192XL_202600,Introverted Megaphone Blazing Beige,Introverted Megaphone Blazing Beige,IM0001192XL,300100,Blazing Beige,XL,IM0001192+_202600,sku
GH0028$,Gluten-Free Hammer,,GH0028$,300100,,,,master_model
GH0028$_202600,Gluten-Free Hammer,,GH0028$,300100,,,GH0028$,season
GH0001193+_202600,Gluten-Free Hammer Existential Teal,Gluten-Free Hammer Existential Teal,GH0001193+,300100,Existential Teal,,GH0028$_202600,article
GH000119344_202600,Gluten-Free Hammer Existential Teal,Gluten-Free Hammer Existential Teal,GH000119344,300100,Existential Teal,44,GH0001193+_202600,sku
GH0001193S_202600,Gluten-Free Hammer Existential Teal,Gluten-Free Hammer Existential Teal,GH0001193S,300100,Existential Teal,S,GH0001193+_202600,sku
GH000119342_202600,Gluten-Free Hammer Existential Teal,Gluten-Free Hammer Existential Teal,GH000119342,300100,Existential Teal,42,GH0001193+_202600,sku
GH0001193OneSize_202600,Gluten-Free Hammer Existential Teal,Gluten-Free Hammer Existential Teal,GH0001193OneSize,300100,Existential Teal,OneSize,GH0001193+_202600,sku
GH0001194+_202600,Gluten-Free Hammer Blazing Beige,Gluten-Free Hammer Blazing Beige,GH0001194+,300100,Blazing Beige,,GH0028$_202600,article
GH0001194OneSize_202600,Gluten-Free Hammer Blazing Beige,Gluten-Free Hammer Blazing Beige,GH0001194OneSize,300100,Blazing Beige,OneSize,GH0001194+_202600,sku
GH0001194XL_202600,Gluten-Free Hammer Blazing Beige,Gluten-Free Hammer Blazing Beige,GH0001194XL,300100,Blazing Beige,XL,GH0001194+_202600,sku
GH0001194XS_202600,Gluten-Free Hammer Blazing Beige,Gluten-Free Hammer Blazing Beige,GH0001194XS,300100,Blazing Beige,XS,GH0001194+_202600,sku
GH000119444_202600,Gluten-Free Hammer Blazing Beige,Gluten-Free Hammer Blazing Beige,GH000119444,300100,Blazing Beige,44,GH0001194+_202600,sku
GH0001195+_202600,Gluten-Free Hammer Ümlaut Grün,Gluten-Free Hammer Ümlaut Grün,GH0001195+,300100,Ümlaut Grün,,GH0028$_202600,article
GH0001195OneSize_202600,Gluten-Free Hammer Ümlaut Grün,Gluten-Free Hammer Ümlaut Grün,GH0001195OneSize,300100,Ümlaut Grün,OneSize,GH0001195+_202600,sku
GH0001195XL_202600,Gluten-Free Hammer Ümlaut Grün,Gluten-Free Hammer Ümlaut Grün,GH0001195XL,300100,Ümlaut Grün,XL,GH0001195+_202600,sku
GH000119544_202600,Gluten-Free Hammer Ümlaut Grün,Gluten-Free Hammer Ümlaut Grün,GH000119544,300100,Ümlaut Grün,44,GH0001195+_202600,sku
GH0001196+_202600,Gluten-Free Hammer Mild Mauve,Gluten-Free Hammer Mild Mauve,GH0001196+,300100,Mild Mauve,,GH0028$_202600,article
GH0001196M_202600,Gluten-Free Hammer Mild Mauve,Gluten-Free Hammer Mild Mauve,GH0001196M,300100,Mild Mauve,M,GH0001196+_202600,sku
GH0001196S_202600,Gluten-Free Hammer Mild Mauve,Gluten-Free Hammer Mild Mauve,GH0001196S,300100,Mild Mauve,S,GH0001196+_202600,sku
GH0001196XS_202600,Gluten-Free Hammer Mild Mauve,Gluten-Free Hammer Mild Mauve,GH0001196XS,300100,Mild Mauve,XS,GH0001196+_202600,sku
GH0001196L_202600,Gluten-Free Hammer Mild Mauve,Gluten-Free Hammer Mild Mauve,GH0001196L,300100,Mild Mauve,L,GH0001196+_202600,sku
GH0001197+_202600,Gluten-Free Hammer Blazing Beige,Gluten-Free Hammer Blazing Beige,GH0001197+,300100,Blazing Beige,,GH0028$_202600,article
GH0001197XL_202600,Gluten-Free Hammer Blazing Beige,Gluten-Free Hammer Blazing Beige,GH0001197XL,300100,Blazing Beige,XL,GH0001197+_202600,sku
GH0001197OneSize_202600,Gluten-Free Hammer Blazing Beige,Gluten-Free Hammer Blazing Beige,GH0001197OneSize,300100,Blazing Beige,OneSize,GH0001197+_202600,sku
GH000119744_202600,Gluten-Free Hammer Blazing Beige,Gluten-Free Hammer Blazing Beige,GH000119744,300100,Blazing Beige,44,GH0001197+_202600,sku
GH0001198+_202600,Gluten-Free Hammer Blazing Beige,Gluten-Free Hammer Blazing Beige,GH0001198+,300100,Blazing Beige,,GH0028$_202600,article
GH0001198OneSize_202600,Gluten-Free Hammer Blazing Beige,Gluten-Free Hammer Blazing Beige,GH0001198OneSize,300100,Blazing Beige,OneSize,GH0001198+_202600,sku
GH0001198XL_202600,Gluten-Free Hammer Blazing Beige,Gluten-Free Hammer Blazing Beige,GH0001198XL,300100,Blazing Beige,XL,GH0001198+_202600,sku
GH0001199+_202600,Gluten-Free Hammer Panic Pink,Gluten-Free Hammer Panic Pink,GH0001199+,300100,Panic Pink,,GH0028$_202600,article
GH0001199XS_202600,Gluten-Free Hammer Panic Pink,Gluten-Free Hammer Panic Pink,GH0001199XS,300100,Panic Pink,XS,GH0001199+_202600,sku
GH0001199M_202600,Gluten-Free Hammer Panic Pink,Gluten-Free Hammer Panic Pink,GH0001199M,300100,Panic Pink,M,GH0001199+_202600,sku
GH0001199S_202600,Gluten-Free Hammer Panic Pink,Gluten-Free Hammer Panic Pink,GH0001199S,300100,Panic Pink,S,GH0001199+_202600,sku
GH0001200+_202600,Gluten-Free Hammer Beige²,Gluten-Free Hammer Beige²,GH0001200+,300100,Beige²,,GH0028$_202600,article
GH0001200S_202600,Gluten-Free Hammer Beige²,Gluten-Free Hammer Beige²,GH0001200S,300100,Beige²,S,GH0001200+_202600,sku
GH000120044_202600,Gluten-Free Hammer Beige²,Gluten-Free Hammer Beige²,GH000120044,300100,Beige²,44,GH0001200+_202600,sku
GH0001200XL_202600,Gluten-Free Hammer Beige²,Gluten-Free Hammer Beige²,GH0001200XL,300100,Beige²,XL,GH0001200+_202600,sku
GH0001200L_202600,Gluten-Free Hammer Beige²,Gluten-Free Hammer Beige²,GH0001200L,300100,Beige²,L,GH0001200+_202600,sku
GH0001201+_202600,Gluten-Free Hammer Existential Teal,Gluten-Free Hammer Existential Teal,GH0001201+,300100,Existential Teal,,GH0028$_202600,article
GH0001201M_202600,Gluten-Free Hammer Existential Teal,Gluten-Free Hammer Existential Teal,GH0001201M,300100,Existential Teal,M,GH0001201+_202600,sku
GH0001201L_202600,Gluten-Free Hammer Existential Teal,Gluten-Free Hammer Existential Teal,GH0001201L,300100,Existential Teal,L,GH0001201+_202600,sku
GH0001201S_202600,Gluten-Free Hammer Existential Teal,Gluten-Free Hammer Existential Teal,GH0001201S,300100,Existential Teal,S,GH0001201+_202600,sku
GH0001201OneSize_202600,Gluten-Free Hammer Existential Teal,Gluten-Free Hammer Existential Teal,GH0001201OneSize,300100,Existential Teal,OneSize,GH0001201+_202600,sku
EB0029$,Ergonomic Boomerang,,EB0029$,200100,,,,master_model
EB0029$_202500,Ergonomic Boomerang,,EB0029$,200100,,,EB0029$,season
EB0001202+_202500,Ergonomic Boomerang Blazing Beige,Ergonomic Boomerang Blazing Beige,EB0001202+,200100,Blazing Beige,,EB0029$_202500,article
EB0001202XL_202500,Ergonomic Boomerang Blazing Beige,Ergonomic Boomerang Blazing Beige,EB0001202XL,200100,Blazing Beige,XL,EB0001202+_202500,sku
EB0001203+_202500,Ergonomic Boomerang Panic Pink,Ergonomic Boomerang Panic Pink,EB0001203+,200100,Panic Pink,,EB0029$_202500,article
EB0001203XS_202500,Ergonomic Boomerang Panic Pink,Ergonomic Boomerang Panic Pink,EB0001203XS,200100,Panic Pink,XS,EB0001203+_202500,sku
EB0001203S_202500,Ergonomic Boomerang Panic Pink,Ergonomic Boomerang Panic Pink,EB0001203S,200100,Panic Pink,S,EB0001203+_202500,sku
EB000120342_202500,Ergonomic Boomerang Panic Pink,Ergonomic Boomerang Panic Pink,EB000120342,200100,Panic Pink,42,EB0001203+_202500,sku
EB0001204+_202500,Ergonomic Boomerang Mild Mauve,Ergonomic Boomerang Mild Mauve,EB0001204+,200100,Mild Mauve,,EB0029$_202500,article
EB000120444_202500,Ergonomic Boomerang Mild Mauve,Ergonomic Boomerang Mild Mauve,EB000120444,200100,Mild Mauve,44,EB0001204+_202500,sku
EB0001204XS_202500,Ergonomic Boomerang Mild Mauve,Ergonomic Boomerang Mild Mauve,EB0001204XS,200100,Mild Mauve,XS,EB0001204+_202500,sku
EB0001204M_202500,Ergonomic Boomerang Mild Mauve,Ergonomic Boomerang Mild Mauve,EB0001204M,200100,Mild Mauve,M,EB0001204+_202500,sku
EB0001205+_202500,Ergonomic Boomerang Blazing Beige,Ergonomic Boomerang Blazing Beige,EB0001205+,200100,Blazing Beige,,EB0029$_202500,article
EB0001205L_202500,Ergonomic Boomerang Blazing Beige,Ergonomic Boomerang Blazing Beige,EB0001205L,200100,Blazing Beige,L,EB0001205+_202500,sku
EB000120544_202500,Ergonomic Boomerang Blazing Beige,Ergonomic Boomerang Blazing Beige,EB000120544,200100,Blazing Beige,44,EB0001205+_202500,sku
EB0001205XS_202500,Ergonomic Boomerang Blazing Beige,Ergonomic Boomerang Blazing Beige,EB0001205XS,200100,Blazing Beige,XS,EB0001205+_202500,sku
EB0001205S_202500,Ergonomic Boomerang Blazing Beige,Ergonomic Boomerang Blazing Beige,EB0001205S,200100,Blazing Beige,S,EB0001205+_202500,sku
EB0001206+_202500,Ergonomic Boomerang Panic Pink,Ergonomic Boomerang Panic Pink,EB0001206+,200100,Panic Pink,,EB0029$_202500,article
EB0001206S_202500,Ergonomic Boomerang Panic Pink,Ergonomic Boomerang Panic Pink,EB0001206S,200100,Panic Pink,S,EB0001206+_202500,sku
EB0001206L_202500,Ergonomic Boomerang Panic Pink,Ergonomic Boomerang Panic Pink,EB0001206L,200100,Panic Pink,L,EB0001206+_202500,sku
EB0001206XS_202500,Ergonomic Boomerang Panic Pink,Ergonomic Boomerang Panic Pink,EB0001206XS,200100,Panic Pink,XS,EB0001206+_202500,sku
EB000120642_202500,Ergonomic Boomerang Panic Pink,Ergonomic Boomerang Panic Pink,EB000120642,200100,Panic Pink,42,EB0001206+_202500,sku
EB0001207+_202500,Ergonomic Boomerang Panic Pink,Ergonomic Boomerang Panic Pink,EB0001207+,200100,Panic Pink,,EB0029$_202500,article
EB0001207L_202500,Ergonomic Boomerang Panic Pink,Ergonomic Boomerang Panic Pink,EB0001207L,200100,Panic Pink,L,EB0001207+_202500,sku
EB000120742_202500,Ergonomic Boomerang Panic Pink,Ergonomic Boomerang Panic Pink,EB000120742,200100,Panic Pink,42,EB0001207+_202500,sku
EB0001207XS_202500,Ergonomic Boomerang Panic Pink,Ergonomic Boomerang Panic Pink,EB0001207XS,200100,Panic Pink,XS,EB0001207+_202500,sku
EB0001208+_202500,Ergonomic Boomerang Radioactive Sage,Ergonomic Boomerang Radioactive Sage,EB0001208+,200100,Radioactive Sage,,EB0029$_202500,article
EB0001208L_202500,Ergonomic Boomerang Radioactive Sage,Ergonomic Boomerang Radioactive Sage,EB0001208L,200100,Radioactive Sage,L,EB0001208+_202500,sku
EB0001208S_202500,Ergonomic Boomerang Radioactive Sage,Ergonomic Boomerang Radioactive Sage,EB0001208S,200100,Radioactive Sage,S,EB0001208+_202500,sku
EB0001208XS_202500,Ergonomic Boomerang Radioactive Sage,Ergonomic Boomerang Radioactive Sage,EB0001208XS,200100,Radioactive Sage,XS,EB0001208+_202500,sku
EB0001208M_202500,Ergonomic Boomerang Radioactive Sage,Ergonomic Boomerang Radioactive Sage,EB0001208M,200100,Radioactive Sage,M,EB0001208+_202500,sku
EB0001209+_202500,Ergonomic Boomerang Beige²,Ergonomic Boomerang Beige²,EB0001209+,200100,Beige²,,EB0029$_202500,article
EB0001209S_202500,Ergonomic Boomerang Beige²,Ergonomic Boomerang Beige²,EB0001209S,200100,Beige²,S,EB0001209+_202500,sku
EB0001209OneSize_202500,Ergonomic Boomerang Beige²,Ergonomic Boomerang Beige²,EB0001209OneSize,200100,Beige²,OneSize,EB0001209+_202500,sku
EB0001209XL_202500,Ergonomic Boomerang Beige²,Ergonomic Boomerang Beige²,EB0001209XL,200100,Beige²,XL,EB0001209+_202500,sku
EB0001209XS_202500,Ergonomic Boomerang Beige²,Ergonomic Boomerang Beige²,EB0001209XS,200100,Beige²,XS,EB0001209+_202500,sku
EB0001210+_202500,Ergonomic Boomerang Existential Teal,Ergonomic Boomerang Existential Teal,EB0001210+,200100,Existential Teal,,EB0029$_202500,article
EB0001210L_202500,Ergonomic Boomerang Existential Teal,Ergonomic Boomerang Existential Teal,EB0001210L,200100,Existential Teal,L,EB0001210+_202500,sku
EB0001210M_202500,Ergonomic Boomerang Existential Teal,Ergonomic Boomerang Existential Teal,EB0001210M,200100,Existential Teal,M,EB0001210+_202500,sku
EB0001210OneSize_202500,Ergonomic Boomerang Existential Teal,Ergonomic Boomerang Existential Teal,EB0001210OneSize,200100,Existential Teal,OneSize,EB0001210+_202500,sku
od0001001s_202500,Orphan Discobombulator Blazing Beige,Orphan Discobombulator Blazing Beige,od0001001s,200100,Blazing Beige,S,OD0001001+_202500,sku
